"family","genus","species","lme","fao","level","FB_E_Code","source","type.length","taxo","b","a"
"Triglidae","Eutrigla","gurnardus",22,27,"species",139,"fb","TL","spe-LME",3.13966663678487,0.00543333341677984
"Callionymidae","Callionymus","lyra",22,27,"species",139,"fb","TL","spe-LME",2.67766666412354,0.0118000001336137
"Soleidae","Solea","solea",22,27,"species",139,"fb","TL","spe-LME",3.11674284934998,0.00645771429740957
"Gadidae","Gadus","morhua",22,27,"species",139,"fb","TL","spe-LME",3.08250002066294,0.00719499991585811
"Pleuronectidae","Hippoglossoides","platessoides",22,27,"species",139,"fb","TL","spe-LME",3.2039999961853,0.00439999997615814
"Pleuronectidae","Limanda","limanda",22,27,"species",139,"fb","TL","spe-LME",3.10099997520447,0.00776200005784631
"Gadidae","Merlangius","merlangus",22,27,"species",139,"fb","TL","spe-LME",3.18049991130829,0.00482499983627349
"Pleuronectidae","Pleuronectes","platessa",22,27,"species",139,"fb","TL","spe-LME",3.12099993228912,0.00778000010177493
"Scombridae","Scomber","scombrus",22,27,"species",139,"fb","TL","spe-LME",3.08400011062622,0.00533000007271767
"Gadidae","Trisopterus","minutus",22,27,"species",139,"fb","TL","spe-LME",3.02600002288818,0.00920000020414591
"Clupeidae","Clupea","harengus",22,27,"species",139,"fb","TL","spe-LME",3.07349534367406,0.00669309300868664
"Lotidae","Gaidropsarus","vulgaris",22,27,"species",139,"fb","TL","spe-LME",2.95900011062622,0.0108000002801418
"Pleuronectidae","Microstomus","kitt",22,27,"species",139,"fb","TL","spe-LME",3.04499995708466,0.0087500000372529
"Clupeidae","Sprattus","sprattus",22,27,"species",139,"fb","TL","spe-LME",3.22000002861023,0.00410000002011657
"Gadidae","Trisopterus","esmarkii",22,27,"species",139,"fb","TL","spe-LME",3,0.00670000002719462
"Gadidae","Melanogrammus","aeglefinus",22,27,"species",139,"fb","TL","spe-Ocean",3.11500000953674,0.00618000002577901
"Gadidae","Trisopterus","luscus",22,27,"species",139,"fb","TL","spe-LME",3.17949998378754,0.00732250011060387
"Cyclopteridae","Cyclopterus","lumpus",22,27,"species",139,"fb","TL","spe-LME",2.93899989128113,0.0586999990046024
"Rajidae","Amblyraja","radiata",22,27,"species",139,"fb","TL","spe-FAO",2.19000005722046,0.157000005245209
"Squalidae","Squalus","acanthias",22,27,"species",139,"fb","TL","spe-Ocean",3.03825001716614,0.00534400002215989
"Anarhichadidae","Anarhichas","lupus",22,27,"species",139,"fb","TL","spe-LME",3.15966669718424,0.00510000018402934
"Gadidae","Pollachius","virens",22,27,"species",139,"fb","TL","spe-Ocean",2.96300005912781,0.010329999960959
"Gadidae","Pollachius","pollachius",22,27,"species",139,"fb","TL","spe-LME",3.10833334922791,0.00595333334058523
"Sebastidae","Sebastes","",22,27,"genus",139,"fb","TL","gen-LME",3.13700008392334,0.0115000000223517
"Lotidae","Molva","molva",22,27,"species",139,"fb","TL","spe-LME",3.25499999523163,0.00243000005139038
"Agonidae","Agonus","cataphractus",22,27,"species",139,"fb","TL","spe-LME",2.61400008201599,0.0196000002324581
"Rajidae","Raja","clavata",22,27,"species",139,"fb","TL","spe-LME",3.19749999046326,0.0032150000333786
"Scophthalmidae","Scophthalmus","maximus",22,27,"species",139,"fb","TL","spe-LME",3.0541111363305,0.0157688889238569
"Lotidae","Enchelyopus","cimbrius",22,27,"species",139,"fb","TL","spe-LME",3.10599994659424,0.00350000010803342
"Pleuronectidae","Glyptocephalus","cynoglossus",22,27,"species",139,"fb","TL","spe-LME",3.28666671117147,0.00240000007518878
"Lophiidae",NA,"",22,27,"family",139,"fb","TL","fam-LME",2.86999996503194,0.024700000261267
"Argentinidae","Argentina","",22,27,"genus",139,"fb","TL","gen-LME",3.05299997329712,0.00529999984428287
"Pleuronectidae","Platichthys","flesus",22,27,"species",139,"fb","TL","spe-LME",2.92062503099442,0.0155636250856332
"Rajidae","Dipturus","",22,27,"genus",139,"fb","TL","gen-FAO",3.53900003433228,0.00047999998787418
"Rajidae","Leucoraja","naevus",22,27,"species",139,"fb","TL","spe-FAO",3.31100002924601,0.00191666667039196
"Stichaeidae","Lumpenus","lampretaeformis",22,27,"species",139,"fb","TL","spe-Ocean",2.08999991416931,0.0164000000804663
"Merlucciidae","Merluccius","merluccius",22,27,"species",139,"fb","TL","spe-LME",3.09049999713898,0.00454799993894994
"Cottidae","Triglops","murrayi",22,27,"species",139,"fb","TL","spe-Ocean",3,0.00880332756787539
"Scyliorhinidae","Scyliorhinus","canicula",22,27,"species",139,"fb","TL","spe-LME",2.90400004386902,0.00335999997332692
"Gadidae","Micromesistius","poutassou",22,27,"species",139,"fb","TL","spe-LME",3.08200001716614,0.00374999991618097
"Rajidae",NA,"",22,27,"family",139,"fb","TL","fam-LME",3.1966667175293,0.00338999996893108
"Carangidae","Trachurus","trachurus",22,27,"species",139,"fb","TL","spe-LME",3.20174998044968,0.0045474999351427
"Callionymidae",NA,"",22,27,"family",139,"fb","TL","fam-LME",2.65275001525879,0.0129000002052635
"Lophiidae","Lophius","piscatorius",22,27,"species",139,"fb","TL","spe-LME",2.86999996503194,0.024700000261267
"Cottidae",NA,"",22,27,"family",139,"fb","TL","fam-LME",3.12933333714803,0.0118999999637405
"Gobiidae",NA,"",22,27,"family",139,"fb","TL","fam-LME",3,0.0110999997705221
"Ammodytidae",NA,"",22,27,"family",139,"fb","TL","fam-FAO",2.55999994277954,0.00980000011622906
"Scophthalmidae","Lepidorhombus","whiffiagonis",22,27,"species",139,"fb","TL","spe-FAO",3.12202495336533,0.00476249994244426
"Scophthalmidae","Scophthalmus","rhombus",22,27,"species",139,"fb","TL","spe-LME",3.03377781973945,0.014931111337824
"Clupeidae","Alosa","",22,27,"genus",139,"fb","TL","gen-LME",3.05157142593747,0.00852047629831802
"Rajidae","Raja","brachyura",22,27,"species",139,"fb","TL","spe-LME",3.23300004005432,0.00280999997630715
"Soleidae","Buglossidium","luteum",22,27,"species",139,"fb","TL","spe-FAO",3.37000000476837,0.00498999992851168
"Rajidae","Raja","montagui",22,27,"species",139,"fb","TL","spe-LME",3.31100010871887,0.00200999993830919
"Scophthalmidae","Phrynorhombus","norvegicus",22,27,"species",139,"fb","TL","spe-LME",2.90499997138977,0.016100000590086
"Soleidae","Microchirus","variegatus",22,27,"species",139,"fb","TL","spe-LME",3.0789999961853,0.00889999978244305
"Callionymidae","Callionymus","",22,27,"genus",139,"fb","TL","gen-LME",2.65275001525879,0.0129000002052635
"Sparidae",NA,"",22,27,"family",139,"fb","TL","fam-LME",3.10726001262665,0.0210950003005564
"Triglidae","Chelidonichthys","cuculus",22,27,"species",139,"fb","TL","spe-LME",3.27766664822896,0.00408333322654168
"Bothidae",NA,"",22,27,"family",139,"fb","TL","fam-FAO",3.14766667286555,0.00801749996996174
"Scophthalmidae","Zeugopterus","regius",22,27,"species",139,"fb","TL","gen-LME",3.14599990844727,0.0138999996706843
"Bothidae","Arnoglossus","laterna",22,27,"species",139,"fb","TL","spe-FAO",3.22574996948242,0.00526499998522922
"Engraulidae","Engraulis","encrasicolus",22,27,"species",139,"fb","TL","spe-LME",2.98099994659424,0.0065399999730289
"Sebastidae","Sebastes","viviparus",22,27,"species",139,"fb","TL","spe-LME",3.13700008392334,0.0115000000223517
"Ammodytidae","Ammodytes","",22,27,"genus",139,"fb","TL","gen-FAO",2.55999994277954,0.00980000011622906
"Pleuronectidae","Hippoglossus","hippoglossus",22,27,"species",139,"fb","TL","spe-LME",3.1010000705719,0.020299999974668
"Anarhichadidae",NA,"",22,27,"family",139,"fb","TL","fam-LME",3.15966669718424,0.00510000018402934
"Lotidae","Gaidropsarus","",22,27,"genus",139,"fb","TL","gen-LME",2.95900011062622,0.0108000002801418
"Rajidae","Raja","",22,27,"genus",139,"fb","TL","gen-LME",3.1966667175293,0.00338999996893108
"Phycidae","Phycis","blennoides",22,27,"species",139,"fb","TL","spe-LME",3.38899993896484,0.00219999998807907
"Chimaeridae","Chimaera","monstrosa",22,27,"species",139,"fb","TL","spe-FAO",3.27049994468689,0.00387000006594462
"Gadidae","Gadiculus","argenteus",22,27,"species",139,"fb","TL","spe-FAO",3.32133332888285,0.00417666664967934
"Lotidae","Brosme","brosme",22,27,"species",139,"fb","TL","spe-Ocean",3.09449994564056,0.00919302273541689
"Gobiidae","Pomatoschistus","",22,27,"genus",139,"fb","TL","gen-FAO",3.15666675567627,0.00755333326136072
"Gobiidae","Aphia","minuta",22,27,"species",139,"fb","TL","spe-FAO",3.52666666110357,0.00122424997728861
"Trachinidae","Echiichthys","vipera",22,27,"species",139,"fb","TL","spe-FAO",3.04999995231628,0.010499999858439
"Liparidae","Liparis","",22,27,"genus",139,"fb","TL","gen-Ocean",3,0.0237037036567926
"Ammodytidae","Hyperoplus","lanceolatus",22,27,"species",139,"fb","TL","gen-Ocean",3,0.00235768174752593
"Sternoptychidae","Maurolicus","muelleri",22,27,"species",139,"fb","TL","spe-Ocean",3.96099996566772,0.00164000003132969
"Triakidae","Mustelus","",22,27,"genus",139,"fb","TL","gen-LME",3.1599999666214,0.00200000003678724
"Gasterosteidae",NA,"",22,27,"family",139,"fb","TL","fam-LME",2.94099998474121,0.00836666665660838
"Zoarcidae","Lycodes","vahlii",22,27,"species",139,"fb","TL","gen-FAO",4.09569978713989,9.99999974737875e-05
"Cottidae","Myoxocephalus","scorpius",22,27,"species",139,"fb","TL","spe-LME",3.12400007247925,0.0126000000163913
"Trachinidae","Trachinus","draco",22,27,"species",139,"fb","TL","spe-LME",3.14200007915497,0.00553500012028962
"Anarhichadidae","Anarhichas","",22,27,"genus",139,"fb","TL","gen-LME",3.15966669718424,0.00510000018402934
"Ammodytidae","Ammodytes","tobianus",22,27,"species",139,"fb","TL","spe-FAO",2.55999994277954,0.00980000011622906
"Gasterosteidae","Gasterosteus","aculeatus aculeatus",22,27,"species",139,"fb","TL","gen-LME",3.04900002479553,0.010499999858439
"Zoarcidae","Lycodes","",22,27,"genus",139,"fb","TL","gen-FAO",4.09569978713989,9.99999974737875e-05
"Etmopteridae","Etmopterus","spinax",22,27,"species",139,"fb","TL","spe-FAO",3.13499999046326,0.00282333333355685
"Salmonidae","Salmo","trutta trutta",22,27,"species",139,"fb","TL","gen-LME",3.06599998474121,0.00829499983228743
"Syngnathidae","Syngnathus","",22,27,"genus",139,"fb","TL","gen-LME",3.23399996757507,0.000202300001546973
"Stichaeidae",NA,"",22,27,"family",139,"fb","TL","fam-Ocean",2.59604999423027,0.0634550015674904
"Myxinidae","Myxine","glutinosa",22,27,"species",139,"fb","TL","fam-Ocean",2.71470198631287,0.00806500012986362
"Anguillidae","Anguilla","anguilla",22,27,"species",139,"fb","TL","spe-LME",3.18042860712324,0.00101942855898025
"Petromyzontidae","Petromyzon","marinus",22,27,"species",139,"fb","TL","spe-Ocean",3,0.00208000000566244
"Congridae","Conger","conger",22,27,"species",139,"fb","TL","spe-LME",3.25450003147125,0.00135999997291947
"Sebastidae","Helicolenus","dactylopterus",22,27,"species",139,"fb","TL","spe-FAO",3.10075002908707,0.0112000000663102
"Rajidae","Leucoraja","fullonica",22,27,"species",139,"fb","TL","gen-FAO",3.31100002924601,0.00191666667039196
"Triglidae",NA,"",22,27,"family",139,"fb","TL","fam-LME",3.15299998630177,0.00592181823131713
"Scophthalmidae","Zeugopterus","punctatus",22,27,"species",139,"fb","TL","spe-LME",3.14599990844727,0.0138999996706843
"Lotidae","Ciliata","",22,27,"genus",139,"fb","TL","gen-LME",3,0.0063999998383224
"Zoarcidae","Zoarces","viviparus",22,27,"species",139,"fb","TL","fam-LME",3.25,0.0019000000320375
"Syngnathidae",NA,"",22,27,"family",139,"fb","TL","fam-LME",3.03680000305176,0.000247719998878893
"Clupeidae","Sardina","pilchardus",22,27,"species",139,"fb","TL","spe-LME",3.07699990272522,0.00594000006094575
"Zoarcidae","Lycenchelys","sarsii",22,27,"species",139,"fb","TL","gen-FAO",2.90100002288818,0.00252000009641051
"Cottidae","Taurulus","bubalis",22,27,"species",139,"fb","TL","spe-LME",3,0.0153999999165535
"Anguillidae",NA,"",22,27,"family",139,"fb","TL","fam-LME",3.18042860712324,0.00101942855898025
"Syngnathidae","Entelurus","aequoreus",22,27,"species",139,"fb","TL","spe-LME",3,0.00022000000171829
"Ammodytidae","Ammodytes","marinus",22,27,"species",139,"fb","TL","spe-Ocean",3.43950009346008,0.00100000004749745
"Rajidae","Raja","undulata",22,27,"species",139,"fb","TL","spe-LME",3.12400007247925,0.00414999993517995
"Anarhichadidae","Anarhichas","minor",22,27,"species",139,"fb","TL","gen-LME",3.15966669718424,0.00510000018402934
"Lotidae","Molva","dypterygia",22,27,"species",139,"fb","TL","spe-LME",3.1489999294281,0.00190999999176711
"Pholidae","Pholis","gunnellus",22,27,"species",139,"fb","TL","spe-LME",3.01799988746643,0.00430000014603138
"Gadidae","Raniceps","raninus",22,27,"species",139,"fb","TL","spe-LME",3.26699995994568,0.00620000017806888
"Zeidae","Zeus","faber",22,27,"species",139,"fb","TL","spe-LME",2.9210000038147,0.0220499997958541
"Gobiidae","Crystallogobius","linearis",22,27,"species",139,"fb","TL","fam-LME",3,0.0110999997705221
"Cyclopteridae",NA,"",22,27,"family",139,"fb","TL","fam-LME",2.93899989128113,0.0586999990046024
"Osmeridae","Osmerus","eperlanus",22,27,"species",139,"fb","TL","gen-FAO",1.7389999628067,0.360100001096725
"Triakidae","Galeorhinus","galeus",22,27,"species",139,"fb","TL","spe-Ocean",2.94916661580404,0.0101666666062859
"Scyliorhinidae","Scyliorhinus","stellaris",22,27,"species",139,"fb","TL","gen-LME",2.90400004386902,0.00335999997332692
"Mullidae","Mullus","surmuletus",22,27,"species",139,"fb","TL","spe-LME",3.24300003051758,0.00609666667878628
"Scomberesocidae","Scomberesox","saurus saurus",22,27,"species",139,"fb","TL","gen-LME",3.19300007820129,0.00150000001303852
"Gadidae","Gadiculus","",22,27,"genus",139,"fb","TL","gen-FAO",3.32133332888285,0.00417666664967934
"Gobiidae","Gobius","",22,27,"genus",139,"fb","TL","gen-LME",3,0.0110999997705221
"Carapidae","Echiodon","drummondii",22,27,"species",139,"fb","TL","spe-Ocean",3,0.000592592579778284
"Gobiesocidae","Diplecogaster","bimaculata bimaculata",22,27,"species",139,"fb","TL","fam-Ocean",3.07266664505005,0.0111242294078693
"Triglidae","Chelidonichthys","lucerna",22,27,"species",139,"fb","TL","spe-LME",3.14299996693929,0.00629000024249156
"Macrouridae","Coryphaenoides","rupestris",22,27,"species",139,"fb","TL","gen-Ocean",2.48669993877411,0.0196850001811981
"Lotidae","Gaidropsarus","mediterraneus",22,27,"species",139,"fb","TL","spe-Ocean",2.99860000610352,0.00620199991390109
"Salmonidae","Salmo","salar",22,27,"species",139,"fb","TL","spe-Ocean",2.99163007736206,0.010717443190515
"Soleidae",NA,"",22,27,"family",139,"fb","TL","fam-LME",3.09968887435065,0.00674488886983858
"Stichaeidae","Leptoclinus","maculatus",22,27,"species",139,"fb","TL","fam-Ocean",2.59604999423027,0.0634550015674904
"Caproidae","Capros","aper",22,27,"species",139,"fb","TL","spe-FAO",2.81924992799759,0.0299174997489899
"Rajidae","Leucoraja","circularis",22,27,"species",139,"fb","TL","gen-FAO",3.31100002924601,0.00191666667039196
"Belonidae","Belone","belone",22,27,"species",139,"fb","TL","spe-LME",3.44199991226196,0.000199999994947575
"Ammodytidae","Gymnammodytes","semisquamatus",22,27,"species",139,"fb","TL","gen-Ocean",3.30699992179871,0.00120000005699694
"Petromyzontidae","Lampetra","fluviatilis",22,27,"species",139,"fb","TL","spe-FAO",3.07050001621246,0.00151299999561161
"Soleidae","Buglossidium","",22,27,"genus",139,"fb","TL","gen-FAO",3.37000000476837,0.00498999992851168
"Moronidae","Dicentrarchus","labrax",22,27,"species",139,"fb","TL","spe-LME",3.02924996614456,0.00997499993536621
"Sparidae","Pagellus","erythrinus",22,27,"species",139,"fb","TL","spe-FAO",2.94583336512248,0.0152500001713634
"Sparidae","Spondyliosoma","cantharus",22,27,"species",139,"fb","TL","spe-LME",3.11266668637594,0.0112633335714539
"Scorpaenidae","Scorpaena","scrofa",22,27,"species",139,"fb","TL","spe-FAO",3.12400007247925,0.0120999999344349
"Soleidae","Microchirus","",22,27,"genus",139,"fb","TL","gen-LME",3.0789999961853,0.00889999978244305
"Scophthalmidae","Zeugopterus","",22,27,"genus",139,"fb","TL","gen-LME",3.14599990844727,0.0138999996706843
"Mugilidae",NA,"",22,27,"family",139,"fb","TL","fam-LME",3.15766668319702,0.00811333333452543
"Gobiesocidae","Lepadogaster","",22,27,"genus",139,"fb","TL","gen-Ocean",3,0.0230653770267963
"Syngnathidae","Nerophis","",22,27,"genus",139,"fb","TL","gen-LME",2.85800004005432,0.000306999994791113
"Caproidae",NA,"",22,27,"family",139,"fb","TL","fam-FAO",2.81924992799759,0.0299174997489899
"Mugilidae","Chelon","labrosus",22,27,"species",139,"fb","TL","spe-FAO",3.07299995422363,0.00902333358923594
"Pentanchidae","Galeus","melastomus",22,27,"species",139,"fb","TL","spe-FAO",3.09900002479553,0.00199199996422976
"Labridae","Labrus","bergylta",22,27,"species",139,"fb","TL","spe-LME",3.05750000476837,0.0131999999284744
"Lophiidae","Lophius","budegassa",22,27,"species",139,"fb","TL","spe-FAO",2.91574996709824,0.0365024999482557
"Argentinidae",NA,"",22,27,"family",139,"fb","TL","fam-LME",3.05299997329712,0.00529999984428287
"Moronidae","Dicentrarchus","",22,27,"genus",139,"fb","TL","gen-LME",3.02924996614456,0.00997499993536621
"Mugilidae","Chelon","auratus",22,27,"species",139,"fb","TL","gen-FAO",3.07299995422363,0.00902333358923594
"Bothidae","Arnoglossus","imperialis",22,27,"species",139,"fb","TL","spe-FAO",3.16799998283386,0.00523749989224598
"Macrouridae","Trachyrincus","murrayi",22,27,"species",139,"fb","TL","gen-FAO",3.23200011253357,0.00129000004380941
"Ammodytidae","Hyperoplus","immaculatus",22,27,"species",139,"fb","TL","spe-Ocean",3,0.00235768174752593
"Blenniidae","Blennius","",22,27,"genus",139,"fb","TL","gen-FAO",2.93650007247925,0.0153999999165535
"Soleidae","Pegusa","lascaris",22,27,"species",139,"fb","TL","spe-Ocean",3.14666668574015,0.00733333344881733
"Gobiidae","Lesueurigobius","",22,27,"genus",139,"fb","TL","gen-FAO",3.51500010490417,0.00257000001147389
"Gasterosteidae","Spinachia","spinachia",22,27,"species",139,"fb","TL","spe-LME",3,0.00209999992512167
"Rajidae","Leucoraja","lentiginosa",22,27,"species",139,"fb","TL","gen-FAO",3.31100002924601,0.00191666667039196
"Bothidae","Arnoglossus","",22,27,"genus",139,"fb","TL","gen-FAO",3.16654545610601,0.00725545450537042
"Ammodytidae","Hyperoplus","",22,27,"genus",139,"fb","TL","gen-Ocean",3,0.00235768174752593
"Gobiidae","Lesueurigobius","friesii",22,27,"species",139,"fb","TL","spe-FAO",3.51500010490417,0.00257000001147389
"Gadidae","Merlangius","merlangus",24,27,"species",235,"fb","TL","spe-LME",3.15499997138977,0.00506999987798433
"Clupeidae","Clupea","harengus",24,27,"species",235,"fb","TL","spe-LME",3.05496001243591,0.00712608000263572
"Clupeidae","Sprattus","sprattus",24,27,"species",235,"fb","TL","spe-FAO",3.11000001430511,0.00523500004783273
"Gadidae","Gadus","morhua",24,27,"species",235,"fb","TL","spe-LME",3.07099994023641,0.00753666662300626
"Pleuronectidae","Pleuronectes","platessa",24,27,"species",235,"fb","TL","spe-LME",3.07599997520447,0.00886499998159707
"Pleuronectidae","Platichthys","flesus",24,27,"species",235,"fb","TL","spe-LME",3.0322499871254,0.00977749994490296
"Gadidae","Pollachius","virens",24,27,"species",235,"fb","TL","spe-LME",2.96300005912781,0.010329999960959
"Cottidae","Taurulus","bubalis",24,27,"species",235,"fb","TL","spe-LME",3,0.0153999999165535
"Moronidae","Dicentrarchus","labrax",24,27,"species",235,"fb","TL","spe-LME",3.0013333161672,0.0106999999843538
"Pleuronectidae","Microstomus","kitt",24,27,"species",235,"fb","TL","spe-LME",3.14199995994568,0.00755999982357025
"Agonidae","Agonus","cataphractus",24,27,"species",235,"fb","TL","spe-LME",2.61400008201599,0.0196000002324581
"Rajidae","Raja","clavata",24,27,"species",235,"fb","TL","spe-LME",3.19260001182556,0.0031180000398308
"Pleuronectidae","Limanda","limanda",24,27,"species",235,"fb","TL","spe-LME",3.15499997138977,0.0067150000249967
"Cottidae","Artediellus","atlanticus",22,27,"species",139,"fb","TL","fam-LME",3.12933333714803,0.0118999999637405
"Salmonidae","Salmo","",22,27,"genus",139,"fb","TL","gen-LME",3.06599998474121,0.00829499983228743
"Labridae","Ctenolabrus","rupestris",22,27,"species",139,"fb","TL","spe-LME",3,0.0122999995946884
"Labridae","Symphodus","melops",22,27,"species",139,"fb","TL","spe-LME",3.12333337465922,0.00832000002264977
"Cottidae","Micrenophrys","lilljeborgii",22,27,"species",139,"fb","TL","fam-LME",3.12933333714803,0.0118999999637405
"Zoarcidae",NA,"",22,27,"family",139,"fb","TL","fam-LME",3.25,0.0019000000320375
"Somniosidae","Somniosus","microcephalus",22,27,"species",139,"fb","TL","spe-LME",3.21333336830139,0.0196666664754351
"Agonidae","Leptagonus","decagonus",22,27,"species",139,"fb","TL","spe-Ocean",3,0.00348715228028595
"Scombridae","Thunnus","thynnus",22,27,"species",139,"fb","TL","spe-LME",2.89400005340576,0.0263999998569489
"Petromyzontidae","Petromyzon","",22,27,"genus",139,"fb","TL","gen-Ocean",3,0.00208000000566244
"Atherinidae","Atherina","presbyter",22,27,"species",139,"fb","TL","spe-LME",3,0.00689999992027879
"Triglidae","Chelidonichthys","lastoviza",22,27,"species",139,"fb","TL","gen-LME",3.21033330758413,0.00518666673451662
"Sparidae","Sparus","aurata",22,27,"species",139,"fb","TL","spe-LME",3.03729999065399,0.0647000013850629
"Mullidae","Mullus","barbatus barbatus",22,27,"species",139,"fb","TL","spe-FAO",3.01774996519089,0.00870750010653865
"Mugilidae","Mugil","cephalus",22,27,"species",139,"fb","TL","spe-LME",2.90300011634827,0.0148000000044703
"Pleuronectidae","Platichthys","flesus",23,27,"species",104,"fb","TL","spe-LME",2.89300000667572,0.0188945000991225
"Clupeidae","Clupea","harengus",23,27,"species",104,"fb","TL","spe-LME",3.04449999332428,0.0054500000551343
"Pleuronectidae","Microstomus","kitt",23,27,"species",104,"fb","TL","spe-FAO",3.04499995708466,0.0087500000372529
"Gadidae","Gadus","morhua",23,27,"species",104,"fb","TL","spe-LME",3.089333375295,0.00691999991734823
"Scophthalmidae","Scophthalmus","maximus",23,27,"species",104,"fb","TL","spe-FAO",3.01262503862381,0.0171900000423193
"Pleuronectidae","Pleuronectes","platessa",23,27,"species",104,"fb","TL","spe-FAO",3.12099993228912,0.00778000010177493
"Gadidae","Merlangius","merlangus",23,27,"species",104,"fb","TL","spe-FAO",3.15499997138977,0.00506999987798433
"Rajidae","Amblyraja","radiata",23,27,"species",104,"fb","TL","spe-FAO",2.19000005722046,0.157000005245209
"Gadidae","Melanogrammus","aeglefinus",23,27,"species",104,"fb","TL","spe-Ocean",3.11500000953674,0.00618000002577901
"Clupeidae","Sprattus","sprattus",23,27,"species",104,"fb","TL","spe-LME",3.11000001430511,0.00523500004783273
"Petromyzontidae","Petromyzon","marinus",23,27,"species",104,"fb","TL","spe-Ocean",3,0.00208000000566244
"Pleuronectidae","Hippoglossoides","platessoides",23,27,"species",104,"fb","TL","spe-FAO",3.2039999961853,0.00439999997615814
"Pleuronectidae","Limanda","limanda",23,27,"species",104,"fb","TL","spe-FAO",3.10099997520447,0.00776200005784631
"Cyclopteridae","Cyclopterus","lumpus",23,27,"species",104,"fb","TL","spe-FAO",2.93899989128113,0.0586999990046024
"Scombridae","Scomber","scombrus",23,27,"species",104,"fb","TL","spe-FAO",3.16599996884664,0.00511833332711831
"Engraulidae","Engraulis","encrasicolus",23,27,"species",104,"fb","TL","spe-FAO",3.19062858309065,0.00410428573710046
"Carangidae","Trachurus","trachurus",23,27,"species",104,"fb","TL","spe-FAO",2.9805999994278,0.0104209999088198
"Anguillidae","Anguilla","anguilla",23,27,"species",104,"fb","TL","spe-LME",3.24300003051758,0.000699999975040555
"Clupeidae","Sardina","pilchardus",23,27,"species",104,"fb","TL","spe-FAO",3.11110002653939,0.00727857157055821
"Callionymidae","Callionymus","",23,27,"genus",104,"fb","TL","gen-FAO",2.57807144096919,0.0336242858320475
"Trachinidae","Echiichthys","",22,27,"genus",139,"fb","TL","gen-FAO",3.04999995231628,0.010499999858439
"Triglidae","Trigla","",22,27,"genus",139,"fb","TL","gen-FAO",2.96000003814697,0.00820000004023314
"Triglidae","Eutrigla","",22,27,"genus",139,"fb","TL","gen-LME",3.13966663678487,0.00543333341677984
"Triglidae","Chelidonichthys","",22,27,"genus",139,"fb","TL","gen-LME",3.21033330758413,0.00518666673451662
"Rajidae","Dipturus","oxyrinchus",22,27,"species",139,"fb","TL","spe-FAO",3.53900003433228,0.00047999998787418
"Zeidae",NA,"",22,27,"family",139,"fb","TL","fam-LME",2.9210000038147,0.0220499997958541
"Zoarcidae","Lycodes","gracilis",22,27,"species",139,"fb","TL","gen-FAO",4.09569978713989,9.99999974737875e-05
"Paralepididae","Arctozenus","risso",22,27,"species",139,"fb","TL","fam-Ocean",2.94599997997284,0.00265999999828637
"Gobiesocidae",NA,"",22,27,"family",139,"fb","TL","fam-Ocean",3.07266664505005,0.0111242294078693
"Gasterosteidae","Gasterosteus","aculeatus williamsoni",22,27,"species",139,"fb","TL","gen-LME",3.04900002479553,0.010499999858439
"Blenniidae",NA,"",22,27,"family",139,"fb","TL","fam-LME",3,0.0104000000283122
"Lotidae","Gaidropsarus","macrophthalmus",22,27,"species",139,"fb","TL","spe-FAO",2.95000004768372,0.00633999984711409
"Arhynchobatidae","Bathyraja","brachyurops",22,27,"species",139,"fb","TL","gen-Ocean",3.106732006073,0.00464555999264121
"Scophthalmidae","Lepidorhombus","boscii",22,27,"species",139,"fb","TL","spe-FAO",3.00278005599976,0.0161400001496077
"Mugilidae","Chelon","",22,27,"genus",139,"fb","TL","gen-FAO",3.07299995422363,0.00902333358923594
"Bramidae","Brama","brama",22,27,"species",139,"fb","TL","spe-LME",3.60899996757507,0.00109999999403954
"Gobiidae","Pomatoschistus","lozanoi",22,27,"species",139,"fb","TL","gen-FAO",3.15666675567627,0.00755333326136072
"Merlucciidae","Merluccius","merluccius",23,27,"species",104,"fb","TL","spe-FAO",3.07884208779586,0.0054587369392577
"Labridae","Ctenolabrus","rupestris",23,27,"species",104,"fb","TL","spe-FAO",3,0.0122999995946884
"Ammodytidae","Hyperoplus","lanceolatus",23,27,"species",104,"fb","TL","gen-Ocean",3,0.00235768174752593
"Soleidae","Solea","solea",23,27,"species",104,"fb","TL","spe-LME",3.0952000617981,0.00712400022894144
"Triglidae","Eutrigla","gurnardus",23,27,"species",104,"fb","TL","spe-FAO",3.22724997997284,0.00480000005336478
"Scophthalmidae","Scophthalmus","rhombus",23,27,"species",104,"fb","TL","spe-FAO",3.01281822811473,0.0157181819985536
"Bothidae","Arnoglossus","laterna",23,27,"species",104,"fb","TL","spe-FAO",3.22574996948242,0.00526499998522922
"Lotidae","Enchelyopus","cimbrius",23,27,"species",104,"fb","TL","spe-FAO",3.10599994659424,0.00350000010803342
"Gobiidae","Gobius","",23,27,"genus",104,"fb","TL","gen-FAO",3.08200001716614,0.0110571428335139
"Syngnathidae","Syngnathus","",23,27,"genus",104,"fb","TL","gen-LME",2.94099998474121,0.000344600004609674
"Syngnathidae","Entelurus","aequoreus",23,27,"species",104,"fb","TL","spe-FAO",3,0.00022000000171829
"Labridae","Symphodus","melops",23,27,"species",104,"fb","TL","spe-FAO",3.1350000500679,0.00903999991714954
"Psychrolutidae","Cottunculus","microps",22,27,"species",139,"fb","TL","fam-Ocean",3.04333337148031,0.0192666665340463
"Clupeidae","Alosa","agone",22,27,"species",139,"fb","TL","spe-Ocean",2.94000005722046,0.0132999997586012
"Trachinidae","Echiichthys","vipera",24,27,"species",235,"fb","TL","spe-FAO",3.04999995231628,0.010499999858439
"Callionymidae","Callionymus","lyra",24,27,"species",235,"fb","TL","spe-LME",2.79550004005432,0.00460000010207295
"Scombridae","Scomber","scombrus",24,27,"species",235,"fb","TL","spe-LME",3.16250002384186,0.00435499998275191
"Triglidae","Chelidonichthys","lucerna",24,27,"species",235,"fb","TL","spe-LME",3.14299996693929,0.00629000024249156
"Clupeidae","Sardina","pilchardus",24,27,"species",235,"fb","TL","spe-LME",3.07699990272522,0.00594000006094575
"Soleidae","Solea","solea",24,27,"species",235,"fb","TL","spe-LME",3.11285713740758,0.00652857138110059
"Scyliorhinidae","Scyliorhinus","canicula",24,27,"species",235,"fb","TL","spe-LME",2.90400004386902,0.00335999997332692
"Mullidae","Mullus","surmuletus",24,27,"species",235,"fb","TL","spe-LME",3.24300003051758,0.00609666667878628
"Carangidae","Trachurus","trachurus",24,27,"species",235,"fb","TL","spe-LME",3.16349995136261,0.00529499992262572
"Ammodytidae","Hyperoplus","lanceolatus",24,27,"species",235,"fb","TL","gen-Ocean",3,0.00235768174752593
"Gadidae","Trisopterus","minutus",24,27,"species",235,"fb","TL","spe-LME",3.02600002288818,0.00920000020414591
"Gobiidae",NA,"",24,27,"family",235,"fb","TL","fam-LME",3,0.0110999997705221
"Gadidae","Trisopterus","minutus",23,27,"species",104,"fb","TL","spe-FAO",3.06124997138977,0.00767500011716038
"Gobiidae","Aphia","minuta",23,27,"species",104,"fb","TL","spe-FAO",3.52666666110357,0.00122424997728861
"Labridae","Centrolabrus","exoletus",22,27,"species",139,"fb","TL","spe-LME",3.23000001907349,0.00488499994389713
"Cottidae","Myoxocephalus","scorpius",24,27,"species",235,"fb","TL","spe-LME",3.12400007247925,0.0126000000163913
"Soleidae","Buglossidium","luteum",24,27,"species",235,"fb","TL","spe-FAO",3.37000000476837,0.00498999992851168
"Triakidae","Mustelus","",24,27,"genus",235,"fb","TL","gen-LME",3.1599999666214,0.00200000003678724
"Bothidae","Arnoglossus","laterna",24,27,"species",235,"fb","TL","spe-FAO",3.22574996948242,0.00526499998522922
"Lotidae","Ciliata","",24,27,"genus",235,"fb","TL","gen-LME",3,0.0063999998383224
"Engraulidae","Engraulis","encrasicolus",24,27,"species",235,"fb","TL","spe-LME",2.98099994659424,0.0065399999730289
"Triglidae","Eutrigla","gurnardus",24,27,"species",235,"fb","TL","spe-LME",3.13966663678487,0.00543333341677984
"Trachinidae","Trachinus","draco",24,27,"species",235,"fb","TL","spe-LME",3.14200007915497,0.00553500012028962
"Triglidae","Chelidonichthys","cuculus",24,27,"species",235,"fb","TL","spe-LME",3.27766664822896,0.00408333322654168
"Gadidae","Trisopterus","luscus",24,27,"species",235,"fb","TL","spe-LME",3.15739998817444,0.00795600013807416
"Ammodytidae","Ammodytes","tobianus",24,27,"species",235,"fb","TL","spe-FAO",2.55999994277954,0.00980000011622906
"Rajidae","Raja","microocellata",24,27,"species",235,"fb","TL","spe-LME",3.11700010299683,0.00493999989703298
"Sparidae","Spondyliosoma","cantharus",24,27,"species",235,"fb","TL","spe-LME",3.11266668637594,0.0112633335714539
"Liparidae","Liparis","",24,27,"genus",235,"fb","TL","gen-Ocean",3,0.0237037036567926
"Rajidae","Raja","montagui",24,27,"species",235,"fb","TL","spe-LME",3.27050006389618,0.00235500000417233
"Soleidae","Microchirus","variegatus",24,27,"species",235,"fb","TL","spe-LME",3.0789999961853,0.00889999978244305
"Rajidae","Raja","",24,27,"genus",235,"fb","TL","gen-LME",3.19181821563027,0.00331090909259563
"Syngnathidae","Syngnathus","",24,27,"genus",235,"fb","TL","gen-LME",3.52699995040894,5.99999984842725e-05
"Scophthalmidae","Scophthalmus","maximus",24,27,"species",235,"fb","TL","spe-LME",3.06462502479553,0.015250000054948
"Labridae","Ctenolabrus","rupestris",24,27,"species",235,"fb","TL","spe-LME",3,0.0122999995946884
"Lotidae","Gaidropsarus","argentatus",22,27,"species",139,"fb","TL","gen-LME",2.95900011062622,0.0108000002801418
"Sparidae","Sarpa","salpa",22,27,"species",139,"fb","TL","spe-FAO",2.99750000238419,0.0173649997450411
"Trachinidae","Trachinus","draco",23,27,"species",104,"fb","TL","spe-FAO",3.13914288793291,0.00651000001900164
"Stichaeidae","Lumpenus","lampretaeformis",23,27,"species",104,"fb","TL","spe-Ocean",2.08999991416931,0.0164000000804663
"Cottidae","Triglops","",22,27,"genus",139,"fb","TL","gen-Ocean",3,0.00880332756787539
"Gadidae","Pollachius","virens",23,27,"species",104,"fb","TL","spe-Ocean",2.96300005912781,0.010329999960959
"Clupeidae","Alosa","agone",23,27,"species",104,"fb","TL","spe-Ocean",2.94000005722046,0.0132999997586012
"Clupeidae",NA,"",22,27,"family",139,"fb","TL","fam-LME",3.06879241900011,0.00722383335938282
"Gobiidae","Buenia","jeffreysii",22,27,"species",139,"fb","TL","fam-LME",3,0.0110999997705221
"Cottidae","Myoxocephalus","scorpius",23,27,"species",104,"fb","TL","spe-FAO",3.12400007247925,0.0126000000163913
"Gobiidae","Pomatoschistus","",23,27,"genus",104,"fb","TL","gen-FAO",3.15666675567627,0.00755333326136072
"Centriscidae","Macroramphosus","scolopax",22,27,"species",139,"fb","TL","spe-FAO",3.19350004196167,0.0036000000545755
"Bramidae","Pterycombus","brama",22,27,"species",139,"fb","TL","fam-LME",3.60899996757507,0.00109999999403954
"Soleidae","Buglossidium","luteum",23,27,"species",104,"fb","TL","spe-FAO",3.37000000476837,0.00498999992851168
"Salmonidae","Salmo","salar",23,27,"species",104,"fb","TL","spe-Ocean",2.99163007736206,0.010717443190515
"Salmonidae","Salmo","trutta trutta",23,27,"species",104,"fb","TL","gen-LME",3.27779006958008,0.00359999993816018
"Lophiidae","Lophius","piscatorius",24,27,"species",235,"fb","TL","spe-LME",2.85174995660782,0.0264725000597537
"Zeidae","Zeus","faber",24,27,"species",235,"fb","TL","spe-LME",3.07150000333786,0.0173649999778718
"Gadidae","Pollachius","pollachius",24,27,"species",235,"fb","TL","spe-LME",3.07950001955032,0.00698000006377697
"Congridae","Conger","conger",24,27,"species",235,"fb","TL","spe-LME",3.32300003369649,0.00098133331630379
"Syngnathidae",NA,"",23,27,"family",104,"fb","TL","fam-LME",2.82850003242493,0.000269299998763017
"Triglidae","Chelidonichthys","lastoviza",24,27,"species",235,"fb","TL","gen-LME",3.21033330758413,0.00518666673451662
"Gobiidae","Gobius","",24,27,"genus",235,"fb","TL","gen-LME",3,0.0110999997705221
"Mugilidae","Chelon","labrosus",23,27,"species",104,"fb","TL","spe-FAO",3.07299995422363,0.00902333358923594
"Cottidae","Icelus","bicornis",22,27,"species",139,"fb","TL","gen-Ocean",3.0489000082016,0.0177499992423691
"Ammodytidae","Ammodytes","",24,27,"genus",235,"fb","TL","gen-FAO",2.55999994277954,0.00980000011622906
"Petromyzontidae","Petromyzon","marinus",24,27,"species",235,"fb","TL","spe-Ocean",3,0.00208000000566244
"Callionymidae","Callionymus","",24,27,"genus",235,"fb","TL","gen-LME",2.72300004959106,0.00846666687478622
"Gobiidae","Pomatoschistus","norvegicus",22,27,"species",139,"fb","TL","gen-FAO",3.15666675567627,0.00755333326136072
"Stichaeidae","Chirolophis","ascanii",22,27,"species",139,"fb","TL","fam-Ocean",2.59604999423027,0.0634550015674904
"Macrouridae","Coelorinchus","caelorhincus",22,27,"species",139,"fb","TL","spe-FAO",3.06449997425079,0.0648449987638742
"Gobiidae","Pomatoschistus","",24,27,"genus",235,"fb","TL","gen-FAO",3.15666675567627,0.00755333326136072
"Lotidae","Enchelyopus","cimbrius",24,27,"species",235,"fb","TL","spe-LME",3.10599994659424,0.00350000010803342
"Rajidae","Raja","brachyura",24,27,"species",235,"fb","TL","spe-LME",3.18250000476837,0.00351499998942018
"Anguillidae","Anguilla","anguilla",24,27,"species",235,"fb","TL","spe-LME",3.20050001144409,0.00098283332772553
"Lamnidae","Lamna","nasus",22,27,"species",139,"fb","TL","spe-LME",2.59450006484985,0.0804999992251396
"Labridae","Labrus","mixtus",22,27,"species",139,"fb","TL","spe-LME",3.31800007820129,0.00480000022798777
"Atherinidae","Atherina","presbyter",24,27,"species",235,"fb","TL","spe-LME",3,0.00689999992027879
"Blenniidae","Blennius","ocellaris",24,27,"species",235,"fb","TL","spe-FAO",2.93650007247925,0.0153999999165535
"Gobiesocidae","Lepadogaster","lepadogaster",22,27,"species",139,"fb","TL","spe-Ocean",3,0.0230653770267963
"Syngnathidae","Nerophis","lumbriciformis",22,27,"species",139,"fb","TL","spe-LME",3,0.000419999996665865
"Scombridae","Sarda","sarda",22,27,"species",139,"fb","TL","spe-LME",3.1800000667572,0.00510000018402934
"Polyprionidae","Polyprion","americanus",22,27,"species",139,"fb","TL","spe-LME",2.68799996376038,0.00667000003159046
"Rajidae","Rajella","fyllae",22,27,"species",139,"fb","TL","gen-Ocean",3,0.0048686983063817
"Atherinidae","Atherina","",22,27,"genus",139,"fb","TL","gen-LME",3,0.00689999992027879
"Rajidae","Dipturus","lintea",22,27,"species",139,"fb","TL","gen-FAO",3.53900003433228,0.00047999998787418
"Acipenseridae","Acipenser","sturio",22,27,"species",139,"fb","TL","spe-LME",2.85399997234344,0.0124899996444583
"Gadidae","Trisopterus","esmarkii",23,27,"species",104,"fb","TL","spe-FAO",3,0.00680000009015203
"Osmeridae","Osmerus","eperlanus",23,27,"species",104,"fb","TL","gen-LME",1.7389999628067,0.360100001096725
"Salmonidae","Coregonus","lavaretus",23,27,"species",104,"fb","TL","spe-LME",3.11759996414185,0.00786000024527311
"Gasterosteidae","Gasterosteus","aculeatus aculeatus",23,27,"species",104,"fb","TL","gen-FAO",3.04900002479553,0.010499999858439
"Agonidae","Agonus","cataphractus",23,27,"species",104,"fb","TL","spe-Ocean",2.7404500246048,0.0150000001303852
"Zoarcidae",NA,"",23,27,"family",104,"fb","TL","fam-LME",3.26559998772361,0.0063377271104731
"Scophthalmidae","Lepidorhombus","whiffiagonis",23,27,"species",104,"fb","TL","spe-FAO",3.12202495336533,0.00476249994244426
"Labridae",NA,"",23,27,"family",104,"fb","TL","fam-FAO",3.0661111275355,0.0123211109959003
"Gasterosteidae","Spinachia","spinachia",23,27,"species",104,"fb","TL","spe-FAO",3,0.00209999992512167
"Gobiidae",NA,"",23,27,"family",104,"fb","TL","fam-LME",2.74985003471375,0.0565499998629093
"Pholidae","Pholis","gunnellus",23,27,"species",104,"fb","TL","spe-FAO",3.01799988746643,0.00430000014603138
"Labridae",NA,"",22,27,"family",139,"fb","TL","fam-LME",3.12630002498627,0.0086329999845475
"Ammodytidae","Ammodytes","tobianus",23,27,"species",104,"fb","TL","spe-FAO",2.55999994277954,0.00980000011622906
"Clupeidae","Alosa","",23,27,"genus",104,"fb","TL","gen-LME",3.27840003967285,0.00327600003220141
"Ammodytidae",NA,"",23,27,"family",104,"fb","TL","fam-FAO",2.55999994277954,0.00980000011622906
"Zoarcidae","Zoarces","viviparus",23,27,"species",104,"fb","TL","fam-LME",3.26559998772361,0.0063377271104731
"Bothidae",NA,"",23,27,"family",104,"fb","TL","fam-FAO",3.14766667286555,0.00801749996996174
"Ammodytidae","Ammodytes","marinus",23,27,"species",104,"fb","TL","spe-Ocean",3.43950009346008,0.00100000004749745
"Scophthalmidae","Zeugopterus","punctatus",23,27,"species",104,"fb","TL","spe-FAO",3.14599990844727,0.0138999996706843
"Liparidae","Liparis","",23,27,"genus",104,"fb","TL","gen-Ocean",3,0.0237037036567926
"Mullidae","Mullus","surmuletus",23,27,"species",104,"fb","TL","spe-FAO",3.15103001179902,0.00882673911426378
"Ammodytidae","Ammodytes","",23,27,"genus",104,"fb","TL","gen-FAO",2.55999994277954,0.00980000011622906
"Cottidae","Myoxocephalus","quadricornis",23,27,"species",104,"fb","TL","spe-LME",2.95219993591309,0.0229000002145767
"Argentinidae","Argentina","",23,27,"genus",104,"fb","TL","gen-FAO",3.18159999847412,0.00375999992247671
"Percidae","Sander","lucioperca",23,27,"species",104,"fb","TL","spe-LME",3.1853000164032,0.00602999995462596
"Callionymidae","Callionymus","lyra",23,27,"species",104,"fb","TL","spe-FAO",2.496333360672,0.0454444447532296
"Esocidae","Esox","lucius",23,27,"species",104,"fb","TL","spe-LME",2.97943329811096,0.00776666682213545
"Salmonidae","Coregonus","albula",23,27,"species",104,"fb","TL","spe-LME",3.33333341280619,0.00419999992785354
"Anarhichadidae","Anarhichas","lupus",23,27,"species",104,"fb","TL","spe-FAO",3.15966669718424,0.00510000018402934
"Lotidae","Ciliata","",23,27,"genus",104,"fb","TL","gen-FAO",3,0.0063999998383224
"Gasterosteidae","Pungitius","pungitius",22,27,"species",139,"fb","TL","gen-LME",2.7739999294281,0.0125000001862645
"Percidae","Perca","fluviatilis",23,27,"species",104,"fb","TL","spe-LME",2.79900002479553,0.0346000008285046
"Mullidae","Mullus","barbatus barbatus",23,27,"species",104,"fb","TL","spe-FAO",3.01774996519089,0.00870750010653865
"Petromyzontidae","Lampetra","fluviatilis",23,27,"species",104,"fb","TL","spe-LME",3.07050001621246,0.00151299999561161
"Gasterosteidae","Pungitius","pungitius",23,27,"species",104,"fb","TL","gen-Ocean",2.7739999294281,0.0125000001862645
"Ammodytidae","Hyperoplus","",23,27,"genus",104,"fb","TL","gen-Ocean",3,0.00235768174752593
"Syngnathidae","Nerophis","",23,27,"genus",104,"fb","TL","gen-LME",2.71600008010864,0.00019399999291636
"Sternoptychidae","Argyropelecus","olfersii",22,27,"species",139,"fb","TL","spe-Ocean",3,0.0187928676605225
"Stichaeidae","Leptoclinus","maculatus",23,27,"species",104,"fb","TL","fam-LME",2.76473335425059,0.0791400020631651
"Triglidae","Chelidonichthys","lucerna",23,27,"species",104,"fb","TL","spe-FAO",2.99025002121925,0.0104337499360554
"Zoarcidae","Lycodes","vahlii",23,27,"species",104,"fb","TL","gen-LME",3.40974998474121,0.00176666667781925
"Belonidae","Belone","belone",23,27,"species",104,"fb","TL","spe-FAO",3.09733327229818,0.00098333335093533
"Triglidae","Chelidonichthys","cuculus",23,27,"species",104,"fb","TL","spe-FAO",3.10980000495911,0.00847000014036894
"Gasterosteidae",NA,"",23,27,"family",104,"fb","TL","fam-FAO",3.02450001239777,0.00629999989178032
"Blenniidae","Lipophrys","pholis",23,27,"species",104,"fb","TL","spe-FAO",3,0.00930000003427267
"Pleuronectidae","Glyptocephalus","cynoglossus",23,27,"species",104,"fb","TL","spe-FAO",3.23500001430511,0.00275000010151416
"Atherinidae","Atherina","presbyter",23,27,"species",104,"fb","TL","spe-FAO",3.02499997615814,0.00664999987930059
"Cottidae",NA,"",23,27,"family",104,"fb","TL","fam-LME",2.93779997825623,0.0298266666708514
"Gobiidae","Neogobius","",23,27,"genus",104,"fb","TL","gen-LME",2.74985003471375,0.0565499998629093
"Percidae","Gymnocephalus","cernua",23,27,"species",104,"fb","TL","spe-LME",2.97015567259355,0.0127943182702769
"Labridae","Acantholabrus","palloni",23,27,"species",104,"fb","TL","spe-Ocean",3.07399988174438,0.0108000002801418
"Ammodytidae","Hyperoplus","immaculatus",23,27,"species",104,"fb","TL","spe-Ocean",3,0.00235768174752593
"Cottidae","Taurulus","bubalis",23,27,"species",104,"fb","TL","spe-FAO",3,0.0153999999165535
"Cyprinidae","Rutilus","rutilus",23,27,"species",104,"fb","TL","spe-LME",2.77509999275208,0.0370000004768372
"Lotidae","Gaidropsarus","vulgaris",23,27,"species",104,"fb","TL","spe-FAO",3.18050003051758,0.00650500017218292
"Cottidae","Triglops","",23,27,"genus",104,"fb","TL","gen-Ocean",3,0.00880332756787539
"Lotidae","Molva","molva",23,27,"species",104,"fb","TL","spe-FAO",3.43600010871887,0.00100000004749745
"Gadidae","Pollachius","pollachius",23,27,"species",104,"fb","TL","spe-FAO",3.10833334922791,0.00595333334058523
"Gobiidae","Gobiusculus","flavescens",23,27,"species",104,"fb","TL","fam-LME",2.74985003471375,0.0565499998629093
"Labridae","Labrus","bergylta",23,27,"species",104,"fb","TL","spe-FAO",3,0.0144999995827675
"Sternoptychidae","Argyropelecus","olfersii",23,27,"species",104,"fb","TL","spe-Ocean",3,0.0187928676605225
"Carangidae","Caranx","rhonchus",23,27,"species",104,"fb","TL","spe-FAO",2.42549991607666,0.0774999987334013
"Soleidae","Pegusa","lascaris",23,27,"species",104,"fb","TL","spe-Ocean",3.14666668574015,0.00733333344881733
"Cyprinidae","Abramis","brama",22,27,"species",139,"fb","TL","spe-LME",3.17499995231628,0.0063999998383224
"Callionymidae",NA,"",23,27,"family",104,"fb","TL","fam-FAO",2.57766668001811,0.0322553334136804
"Gobiidae","Neogobius","",22,27,"genus",139,"fb","TL","gen-Ocean",3.02709444363912,0.0194111110952993
"Zoarcidae","Lycodes","gracilis",23,27,"species",104,"fb","TL","gen-LME",3.40974998474121,0.00176666667781925
"Merlucciidae","Merluccius","merluccius",24,27,"species",235,"fb","TL","spe-LME",3.03133336702983,0.00627866651241978
"Sparidae","Sparus","aurata",24,27,"species",235,"fb","TL","spe-LME",3.03729999065399,0.0647000013850629
"Sparidae","Boops","boops",24,27,"species",235,"fb","TL","spe-FAO",2.98249999682109,0.00985500006936491
"Mugilidae","Chelon","",24,27,"genus",235,"fb","TL","gen-FAO",3.07299995422363,0.00902333358923594
"Carangidae","Trachurus","mediterraneus",24,27,"species",235,"fb","TL","spe-FAO",2.68350005149841,0.0213999995030463
"Labridae","Labrus","mixtus",24,27,"species",235,"fb","TL","spe-LME",3.31800007820129,0.00480000022798777
"Gadidae","Micromesistius","poutassou",24,27,"species",235,"fb","TL","spe-LME",3.08200001716614,0.00374999991618097
"Lophiidae","Lophius","budegassa",24,27,"species",235,"fb","TL","spe-FAO",2.91574996709824,0.0365024999482557
"Caproidae","Capros","aper",24,27,"species",235,"fb","TL","spe-FAO",2.81924992799759,0.0299174997489899
"Cepolidae","Cepola","macrophthalma",24,27,"species",235,"fb","TL","spe-FAO",2.08899998664856,0.0198500002734363
"Argentinidae","Argentina","",24,27,"genus",235,"fb","TL","gen-LME",3.05299997329712,0.00529999984428287
"Scophthalmidae","Lepidorhombus","whiffiagonis",24,27,"species",235,"fb","TL","spe-LME",3.27250003814697,0.00286000000778586
"Scophthalmidae","Lepidorhombus","boscii",24,27,"species",235,"fb","TL","spe-FAO",3.00278005599976,0.0161400001496077
"Gadidae","Gadiculus","argenteus",24,27,"species",235,"fb","TL","spe-FAO",3.32133332888285,0.00417666664967934
"Lotidae","Gaidropsarus","vulgaris",24,27,"species",235,"fb","TL","spe-LME",2.95900011062622,0.0108000002801418
"Macrouridae","Malacocephalus","laevis",24,27,"species",235,"fb","TL","spe-FAO",2.97150003910065,0.341374990704935
"Phycidae","Phycis","blennoides",24,27,"species",235,"fb","TL","spe-LME",3.38899993896484,0.00219999998807907
"Gobiidae","Aphia","minuta",24,27,"species",235,"fb","TL","spe-FAO",3.52666666110357,0.00122424997728861
"Scombridae","Sarda","sarda",24,27,"species",235,"fb","TL","spe-LME",3.1800000667572,0.00510000018402934
"Sparidae","Pagrus","pagrus",24,27,"species",235,"fb","TL","spe-FAO",2.93133330345154,0.0211333331341545
"Ammodytidae","Hyperoplus","immaculatus",24,27,"species",235,"fb","TL","spe-Ocean",3,0.00235768174752593
"Soleidae","Dicologlossa","cuneata",24,27,"species",235,"fb","TL","spe-LME",3.00099992752075,0.00659999996423721
"Triglidae","Chelidonichthys","obscurus",24,27,"species",235,"fb","TL","spe-FAO",3.23266669114431,0.00509499995193134
"Rajidae","Leucoraja","naevus",24,27,"species",235,"fb","TL","spe-LME",3.35950005054474,0.00162500003352761
"Carapidae","Echiodon","drummondii",24,27,"species",235,"fb","TL","spe-Ocean",3,0.000592592579778284
"Bothidae","Arnoglossus","imperialis",24,27,"species",235,"fb","TL","spe-FAO",3.16799998283386,0.00523749989224598
"Torpedinidae","Torpedo","marmorata",24,27,"species",235,"fb","TL","spe-FAO",2.8840000629425,0.031700000166893
"Sciaenidae","Argyrosomus","regius",24,27,"species",235,"fb","TL","spe-LME",2.91600000858307,0.0151799996383488
"Sparidae","Lithognathus","mormyrus",24,27,"species",235,"fb","TL","spe-LME",2.97000002861023,0.0153999999165535
"Squalidae","Squalus","acanthias",24,27,"species",235,"fb","TL","spe-LME",3.37100005149841,0.000769999984186143
"Soleidae","Bathysolea","profundicola",24,27,"species",235,"fb","TL","fam-LME",3.09666665395101,0.0067999999349316
"Pentanchidae","Galeus","melastomus",24,27,"species",235,"fb","TL","spe-FAO",3.09900002479553,0.00199199996422976
"Moridae","Lepidion","eques",24,27,"species",235,"fb","TL","spe-FAO",3.54100000858307,0.000949999986914918
"Myctophidae","Notoscopelus","kroyeri",24,27,"species",235,"fb","TL","fam-FAO",2.98000001907349,0.00510000018402934
"Carangidae","Trachurus","picturatus",24,27,"species",235,"fb","TL","spe-FAO",3.07375001907349,0.00647749996278435
"Clupeidae","Alosa","",24,27,"genus",235,"fb","TL","gen-LME",2.98405881489024,0.0101558824535459
"Syngnathidae","Hippocampus","hippocampus",24,27,"species",235,"fb","TL","spe-FAO",2.73000001907349,0.0063999998383224
"Rajidae","Leucoraja","circularis",24,27,"species",235,"fb","TL","gen-LME",3.35950005054474,0.00162500003352761
"Sparidae","Pagellus","erythrinus",24,27,"species",235,"fb","TL","spe-FAO",2.94583336512248,0.0152500001713634
"Sebastidae","Helicolenus","dactylopterus",24,27,"species",235,"fb","TL","spe-LME",3.09100008010864,0.0104000000283122
"Scorpaenidae","Scorpaena","loppei",24,27,"species",235,"fb","TL","spe-FAO",3.31900000572205,0.0094500002451241
"Berycidae","Beryx","splendens",24,27,"species",235,"fb","TL","gen-Ocean",3,0.0139394626021385
"Chimaeridae","Chimaera","monstrosa",24,27,"species",235,"fb","TL","spe-FAO",3.27049994468689,0.00387000006594462
"Gobiidae","Lesueurigobius","friesii",24,27,"species",235,"fb","TL","spe-FAO",3.51500010490417,0.00257000001147389
"Lotidae","Molva","molva",24,27,"species",235,"fb","TL","spe-LME",3.19333330790202,0.00297666663148751
"Soleidae","Pegusa","lascaris",24,27,"species",235,"fb","TL","spe-Ocean",3.14666668574015,0.00733333344881733
"Balistidae","Balistes","capriscus",24,27,"species",235,"fb","TL","spe-LME",3.08899998664856,0.0124000003561378
"Rajidae","Leucoraja","fullonica",24,27,"species",235,"fb","TL","gen-LME",3.35950005054474,0.00162500003352761
"Rajidae","Raja","undulata",24,27,"species",235,"fb","TL","spe-LME",3.12400007247925,0.00414999993517995
"Scophthalmidae","Phrynorhombus","norvegicus",24,27,"species",235,"fb","TL","spe-LME",2.90499997138977,0.016100000590086
"Mugilidae","Chelon","labrosus",24,27,"species",235,"fb","TL","spe-FAO",3.07299995422363,0.00902333358923594
"Dasyatidae","Dasyatis","pastinaca",24,27,"species",235,"fb","TL","spe-Ocean",2.73213996887207,0.0320799998939037
"Labridae","Symphodus","bailloni",24,27,"species",235,"fb","TL","spe-FAO",3.11349999904633,0.0127499997615814
"Gadidae","Melanogrammus","aeglefinus",24,27,"species",235,"fb","TL","spe-LME",3.11500000953674,0.00618000002577901
"Triakidae","Galeorhinus","galeus",24,27,"species",235,"fb","TL","spe-Ocean",2.94916661580404,0.0101666666062859
"Lotidae","Molva","macrophthalma",24,27,"species",235,"fb","TL","gen-LME",3.18224996328354,0.00270999997155741
"Rajidae","Dipturus","",24,27,"genus",235,"fb","TL","gen-FAO",3.53900003433228,0.00047999998787418
"Pleuronectidae","Hippoglossoides","platessoides",24,27,"species",235,"fb","TL","spe-LME",3.2039999961853,0.00439999997615814
"Gadidae","Trisopterus","esmarkii",24,27,"species",235,"fb","TL","spe-LME",3,0.00659999996423721
"Pleuronectidae","Glyptocephalus","cynoglossus",24,27,"species",235,"fb","TL","spe-LME",3.44300007820129,0.00138000003062189
"Torpedinidae","Tetronarce","nobiliana",24,27,"species",235,"fb","TL","fam-FAO",2.87199997901917,0.0307174995541573
"Scophthalmidae","Scophthalmus","rhombus",24,27,"species",235,"fb","TL","spe-LME",3.02262505888939,0.0162875000969507
"Bothidae","Arnoglossus","thori",24,27,"species",235,"fb","TL","spe-FAO",3.085666735967,0.0126000000163913
"Sparidae","Pagellus","acarne",24,27,"species",235,"fb","TL","spe-LME",3.13100004196167,0.00855999998748302
"Sciaenidae","Umbrina","canariensis",24,27,"species",235,"fb","TL","spe-FAO",3.21000003814697,0.0082999998703599
"Argentinidae","Argentina","",25,27,"genus",230,"fb","TL","gen-LME",3.21733331680298,0.00319999995796631
"Merlucciidae","Merluccius","merluccius",25,27,"species",230,"fb","TL","spe-LME",3.07866664727529,0.00551777788334423
"Callionymidae","Callionymus","",25,27,"genus",230,"fb","TL","gen-LME",2.53500000635783,0.0381283333990723
"Scyliorhinidae","Scyliorhinus","canicula",25,27,"species",230,"fb","TL","spe-LME",3.26016672452291,0.00136166666440355
"Lophiidae","Lophius","piscatorius",25,27,"species",230,"fb","TL","spe-LME",3.28399991989136,0.00630000000819564
"Scombridae","Scomber","scombrus",25,27,"species",230,"fb","TL","spe-LME",3.16774994134903,0.00549999999930151
"Scophthalmidae","Lepidorhombus","whiffiagonis",25,27,"species",230,"fb","TL","spe-LME",3.08803327878316,0.0052599999277542
"Gadidae","Micromesistius","poutassou",25,27,"species",230,"fb","TL","spe-LME",3.35779995918274,0.00245799999684095
"Soleidae","Bathysolea","profundicola",25,27,"species",230,"fb","TL","fam-LME",3.10083334445953,0.00951167337285976
"Congridae","Conger","conger",25,27,"species",230,"fb","TL","spe-LME",3.20500000317891,0.00051166668223838
"Gadidae","Gadiculus","argenteus",25,27,"species",230,"fb","TL","spe-LME",3.32133332888285,0.00417666664967934
"Pentanchidae","Galeus","melastomus",25,27,"species",230,"fb","TL","spe-LME",3.09900002479553,0.00199199996422976
"Scophthalmidae","Lepidorhombus","boscii",25,27,"species",230,"fb","TL","spe-LME",3.00278005599976,0.0161400001496077
"Macrouridae","Malacocephalus","laevis",25,27,"species",230,"fb","TL","spe-LME",2.97150003910065,0.341374990704935
"Soleidae","Microchirus","variegatus",25,27,"species",230,"fb","TL","spe-LME",3.12799996137619,0.00996749993646517
"Phycidae","Phycis","blennoides",25,27,"species",230,"fb","TL","spe-LME",3.19366665681203,0.00559499987866729
"Carangidae","Trachurus","trachurus",25,27,"species",230,"fb","TL","spe-LME",2.83316667874654,0.0143366665579379
"Gadidae","Trisopterus","luscus",25,27,"species",230,"fb","TL","spe-LME",3.24375003576279,0.0076075000106357
"Triglidae","Trigla","lyra",25,27,"species",230,"fb","TL","spe-LME",3.06400001049042,0.0110200000926852
"Sebastidae","Helicolenus","dactylopterus",25,27,"species",230,"fb","TL","spe-LME",3.13075000047684,0.0110975001007318
"Caproidae","Capros","aper",25,27,"species",230,"fb","TL","spe-LME",2.81924992799759,0.0299174997489899
"Lophiidae","Lophius","budegassa",25,27,"species",230,"fb","TL","spe-LME",2.91574996709824,0.0365024999482557
"Lotidae","Molva","molva",25,27,"species",230,"fb","TL","spe-FAO",3.43600010871887,0.00100000004749745
"Triglidae","Chelidonichthys","cuculus",25,27,"species",230,"fb","TL","spe-LME",2.9796667098999,0.0115333336095015
"Clupeidae","Sardina","pilchardus",25,27,"species",230,"fb","TL","spe-LME",3.11678338050842,0.00750166682216028
"Triglidae","Eutrigla","gurnardus",25,27,"species",230,"fb","TL","spe-LME",3.49000000953674,0.00289999996311963
"Bothidae","Arnoglossus","laterna",25,27,"species",230,"fb","TL","spe-LME",3.22574996948242,0.00526499998522922
"Zeidae","Zeus","faber",25,27,"species",230,"fb","TL","spe-LME",2.91700005531311,0.0171499997377396
"Centriscidae","Macroramphosus","scolopax",24,27,"species",235,"fb","TL","spe-FAO",3.19350004196167,0.0036000000545755
"Belonidae","Belone","belone",24,27,"species",235,"fb","TL","spe-LME",3.44199991226196,0.000199999994947575
"Serranidae","Serranus","hepatus",24,27,"species",235,"fb","TL","spe-FAO",3.05924999713898,0.0165624999208376
"Scorpaenidae","Scorpaena","scrofa",24,27,"species",235,"fb","TL","spe-FAO",3.12400007247925,0.0120999999344349
"Macrouridae","Coryphaenoides","rupestris",24,27,"species",235,"fb","TL","gen-Ocean",2.48669993877411,0.0196850001811981
"Myctophidae","Lampanyctus","crocodilus",24,27,"species",235,"fb","TL","spe-FAO",2.98000001907349,0.00510000018402934
"Sparidae","Pagellus","",24,27,"genus",235,"fb","TL","gen-LME",3.17250001430511,0.0080899999011308
"Balistidae","Balistes","capriscus",25,27,"species",230,"fb","TL","spe-LME",2.71266667048136,0.0884333327412605
"Sparidae","Boops","boops",25,27,"species",230,"fb","TL","spe-LME",2.98249999682109,0.00985500006936491
"Mugilidae","Chelon","",25,27,"genus",230,"fb","TL","gen-LME",3.07299995422363,0.00902333358923594
"Triglidae","Chelidonichthys","lucerna",25,27,"species",230,"fb","TL","spe-LME",2.89860005378723,0.0129199997521937
"Callionymidae","Callionymus","lyra",25,27,"species",230,"fb","TL","spe-LME",2.40566670894623,0.0622666670630376
"Trachinidae","Trachinus","draco",25,27,"species",230,"fb","TL","spe-LME",3.18333335717519,0.00604999997691872
"Engraulidae","Engraulis","encrasicolus",25,27,"species",230,"fb","TL","spe-LME",3.19679413122289,0.00403264708310256
"Soleidae","Dicologlossa","cuneata",25,27,"species",230,"fb","TL","spe-LME",3.04183332125346,0.00726836667551349
"Macrouridae","Macrourus","berglax",25,27,"species",230,"fb","TL","spe-FAO",2.93849992752075,0.0122299999929965
"Xiphiidae","Xiphias","gladius",25,27,"species",230,"fb","TL","spe-Ocean",3.64000010490417,0.000490000005811453
"Labridae","Acantholabrus","palloni",25,27,"species",230,"fb","TL","spe-LME",3.07399988174438,0.0108000002801418
"Soleidae","Solea","solea",25,27,"species",230,"fb","TL","spe-LME",3.08599996566772,0.00745499995537102
"Serranidae","Serranus","cabrilla",24,27,"species",235,"fb","TL","spe-FAO",2.81968569755554,0.0253428565338254
"Labridae","Labrus","bergylta",24,27,"species",235,"fb","TL","spe-LME",3.05750000476837,0.0131999999284744
"Sparidae","Pagellus","bogaraveo",24,27,"species",235,"fb","TL","spe-LME",3.1863333384196,0.00793333320568005
"Labridae","Acantholabrus","palloni",24,27,"species",235,"fb","TL","spe-Ocean",3.07399988174438,0.0108000002801418
"Etmopteridae","Etmopterus","spinax",24,27,"species",235,"fb","TL","spe-FAO",3.13499999046326,0.00282333333355685
"Moronidae","Dicentrarchus","punctatus",24,27,"species",235,"fb","TL","spe-FAO",3.44000005722046,0.00176000001374632
"Ammodytidae","Gymnammodytes","semisquamatus",24,27,"species",235,"fb","TL","gen-Ocean",3.30699992179871,0.00120000005699694
"Centrophoridae","Deania","calcea",24,27,"species",235,"fb","TL","gen-Ocean",3.10249996185303,0.00339499994879588
"Lotidae","Gaidropsarus","macrophthalmus",24,27,"species",235,"fb","TL","spe-FAO",2.95000004768372,0.00633999984711409
"Myliobatidae","Myliobatis","aquila",24,27,"species",235,"fb","TL","spe-Ocean",3.16999995708466,0.0103499998513144
"Soleidae","Solea","senegalensis",24,27,"species",235,"fb","TL","spe-FAO",3.07833337783813,0.0077433333111306
"Centrophoridae","Deania","calcea",25,27,"species",230,"fb","TL","gen-Ocean",3.10249996185303,0.00339499994879588
"Sternoptychidae","Argyropelecus","olfersii",25,27,"species",230,"fb","TL","spe-Ocean",3,0.0187928676605225
"Etmopteridae","Etmopterus","spinax",25,27,"species",230,"fb","TL","spe-LME",3.13499999046326,0.00282333333355685
"Lotidae","Gaidropsarus","biscayensis",25,27,"species",230,"fb","TL","gen-LME",3.17599999904633,0.00427499995566905
"Myctophidae","Notoscopelus","kroyeri",25,27,"species",230,"fb","TL","fam-LME",2.98000001907349,0.00510000018402934
"Alepocephalidae","Xenodermichthys","copei",25,27,"species",230,"fb","TL","spe-Ocean",3,0.00587228033691645
"Hexanchidae","Hexanchus","griseus",24,27,"species",235,"fb","TL","spe-Ocean",3,0.0134958401322365
"Lotidae","Molva","macrophthalma",25,27,"species",230,"fb","TL","gen-FAO",3.43600010871887,0.00100000004749745
"Sternoptychidae","Argyropelecus","hemigymnus",25,27,"species",230,"fb","TL","gen-Ocean",3,0.0169426177938779
"Sternoptychidae","Argyropelecus","olfersii",24,27,"species",235,"fb","TL","spe-Ocean",3,0.0187928676605225
"Berycidae","Beryx","decadactylus",24,27,"species",235,"fb","TL","spe-Ocean",3,0.0139394626021385
"Moridae","Mora","moro",24,27,"species",235,"fb","TL","spe-FAO",3.36999988555908,0.00240000011399388
"Alepocephalidae","Xenodermichthys","copei",24,27,"species",235,"fb","TL","spe-Ocean",3,0.00587228033691645
"Phosichthyidae","Polymetme","corythaeola",24,27,"species",235,"fb","TL","spe-FAO",3.1159999370575,0.00337000004947186
"Lotidae","Gaidropsarus","biscayensis",24,27,"species",235,"fb","TL","gen-LME",2.95900011062622,0.0108000002801418
"Macrouridae","Macrourus","berglax",24,27,"species",235,"fb","TL","spe-FAO",2.93849992752075,0.0122299999929965
"Macrouridae","Hymenocephalus","italicus",24,27,"species",235,"fb","TL","fam-FAO",3.05175000429153,0.104886247368995
"Synaphobranchidae","Synaphobranchus","kaupii",24,27,"species",235,"fb","TL","spe-Ocean",3.17750000953674,0.000704999984009191
"Rajidae","Rajella","bathyphila",24,27,"species",235,"fb","TL","gen-Ocean",3,0.0048686983063817
"Sternoptychidae","Maurolicus","muelleri",24,27,"species",235,"fb","TL","spe-Ocean",3.96099996566772,0.00164000003132969
"Lotidae","Gaidropsarus","mediterraneus",24,27,"species",235,"fb","TL","spe-Ocean",2.99860000610352,0.00620199991390109
"Trichiuridae","Lepidopus","caudatus",24,27,"species",235,"fb","TL","spe-FAO",3.20000004768372,0.000296666674936811
"Myctophidae",NA,"",24,27,"family",235,"fb","TL","fam-FAO",2.98000001907349,0.00510000018402934
"Sparidae","Diplodus","sargus",24,27,"species",235,"fb","TL","gen-FAO",3.10258410193703,0.0137847727587955
"Scyliorhinidae","Scyliorhinus","stellaris",24,27,"species",235,"fb","TL","gen-LME",2.90400004386902,0.00335999997332692
"Scophthalmidae","Zeugopterus","punctatus",24,27,"species",235,"fb","TL","spe-LME",3.14599990844727,0.0138999996706843
"Labridae","Centrolabrus","exoletus",24,27,"species",235,"fb","TL","spe-LME",3.23000001907349,0.00488499994389713
"Gadidae","Raniceps","raninus",24,27,"species",235,"fb","TL","spe-LME",3.26699995994568,0.00620000017806888
"Gadidae","Trisopterus","minutus",25,27,"species",230,"fb","TL","spe-LME",3.07299995422363,0.00716666675483187
"Myctophidae",NA,"",25,27,"family",230,"fb","TL","fam-LME",2.98000001907349,0.00510000018402934
"Lamnidae","Lamna","nasus",24,27,"species",235,"fb","TL","spe-LME",2.59450006484985,0.0804999992251396
"Rajidae","Dipturus","oxyrinchus",24,27,"species",235,"fb","TL","spe-FAO",3.53900003433228,0.00047999998787418
"Dalatiidae","Dalatias","licha",24,27,"species",235,"fb","TL","fam-Ocean",3.24000000953674,0.00181000004522502
"Polyprionidae","Polyprion","americanus",24,27,"species",235,"fb","TL","spe-LME",2.68799996376038,0.00667000003159046
"Scorpaenidae","Scorpaena","porcus",24,27,"species",235,"fb","TL","spe-LME",3,0.0175999999046326
"Gobiidae","Lesueurigobius","friesii",25,27,"species",230,"fb","TL","spe-LME",3.51500010490417,0.00257000001147389
"Squalidae","Squalus","acanthias",25,27,"species",230,"fb","TL","spe-Ocean",3.03825001716614,0.00534400002215989
"Cepolidae","Cepola","macrophthalma",25,27,"species",230,"fb","TL","spe-LME",2.08899998664856,0.0198500002734363
"Labridae","Labrus","mixtus",25,27,"species",230,"fb","TL","spe-LME",3.25699996948242,0.00499999988824129
"Rajidae","Raja","clavata",25,27,"species",230,"fb","TL","spe-LME",3.26525002717972,0.00208750000456348
"Ophidiidae","Ophidion","barbatum",25,27,"species",230,"fb","TL","spe-Ocean",2.63200008869171,0.0394500005058944
"Carapidae","Echiodon","drummondii",25,27,"species",230,"fb","TL","spe-Ocean",3,0.000592592579778284
"Myctophidae","Diaphus","",25,27,"genus",230,"fb","TL","gen-Ocean",2.94479999542236,0.0133699998259544
"Sternoptychidae","Maurolicus","muelleri",25,27,"species",230,"fb","TL","spe-Ocean",3.96099996566772,0.00164000003132969
"Syngnathidae","Nerophis","lumbriciformis",24,27,"species",235,"fb","TL","spe-LME",3,0.000419999996665865
"Moridae","Halargyreus","johnsonii",24,27,"species",235,"fb","TL","fam-FAO",3.51499996185303,0.00120000002207234
"Sternoptychidae","Argyropelecus","",24,27,"genus",235,"fb","TL","gen-Ocean",3,0.0169426177938779
"Etmopteridae","Centroscyllium","fabricii",24,27,"species",235,"fb","TL","fam-FAO",3.09200000762939,0.00308499997481704
"Trachichthyidae","Hoplostethus","mediterraneus mediterraneus",24,27,"species",235,"fb","TL","gen-LME",3.3050000667572,0.0049200002104044
"Macrouridae","Nezumia","sclerorhynchus",24,27,"species",235,"fb","TL","spe-FAO",3.23300004005432,0.000899999984540045
"Serranidae","Serranus","scriba",24,27,"species",235,"fb","TL","spe-FAO",3.09999990463257,0.00999999977648258
"Syngnathidae","Hippocampus","guttulatus",24,27,"species",235,"fb","TL","spe-FAO",2.80900001525879,0.00486000010278076
"Triglidae","Trigla","lyra",24,27,"species",235,"fb","TL","spe-FAO",2.96000003814697,0.00820000004023314
"Syngnathidae","Entelurus","aequoreus",24,27,"species",235,"fb","TL","spe-LME",3,0.00022000000171829
"Lotidae","Gaidropsarus","macrophthalmus",25,27,"species",230,"fb","TL","spe-LME",2.95000004768372,0.00633999984711409
"Mullidae","Mullus","surmuletus",25,27,"species",230,"fb","TL","spe-LME",3.13284598986308,0.00946899993966023
"Paralepididae","Arctozenus","risso",25,27,"species",230,"fb","TL","fam-Ocean",2.94599997997284,0.00265999999828637
"Chimaeridae","Chimaera","monstrosa",25,27,"species",230,"fb","TL","spe-LME",3.27049994468689,0.00387000006594462
"Berycidae","Beryx","splendens",25,27,"species",230,"fb","TL","gen-Ocean",3,0.0139394626021385
"Sparidae","Diplodus","vulgaris",24,27,"species",235,"fb","TL","spe-FAO",3.07218000888824,0.0138199999462813
"Chlorophthalmidae","Chlorophthalmus","agassizi",24,27,"species",235,"fb","TL","spe-FAO",3.09449994564056,0.00553000008221716
"Gobiidae","Pomatoschistus","norvegicus",24,27,"species",235,"fb","TL","gen-FAO",3.15666675567627,0.00755333326136072
"Myxinidae","Myxine","glutinosa",24,27,"species",235,"fb","TL","fam-Ocean",2.71470198631287,0.00806500012986362
"Scomberesocidae","Scomberesox","saurus saurus",24,27,"species",235,"fb","TL","gen-LME",3.19300007820129,0.00150000001303852
"Myctophidae","Myctophum","punctatum",24,27,"species",235,"fb","TL","spe-Ocean",3,0.00803690031170845
"Paralepididae","Arctozenus","risso",24,27,"species",235,"fb","TL","fam-Ocean",2.94599997997284,0.00265999999828637
"Ammodytidae","Ammodytes","marinus",24,27,"species",235,"fb","TL","spe-Ocean",3.43950009346008,0.00100000004749745
"Gobiidae","Pomatoschistus","lozanoi",24,27,"species",235,"fb","TL","gen-FAO",3.15666675567627,0.00755333326136072
"Scorpaenidae","Scorpaena","notata",24,27,"species",235,"fb","TL","spe-FAO",3.05215388077956,0.0174892307975544
"Blenniidae","Blennius","ocellaris",25,27,"species",230,"fb","TL","spe-LME",2.93650007247925,0.0153999999165535
"Somniosidae","Scymnodon","ringens",25,27,"species",230,"fb","TL","fam-FAO",3.23775005340576,0.015087999869138
"Stichaeidae","Chirolophis","ascanii",24,27,"species",235,"fb","TL","fam-Ocean",2.59604999423027,0.0634550015674904
"Ammodytidae","Ammodytes","tobianus",25,27,"species",230,"fb","TL","spe-LME",2.55999994277954,0.00980000011622906
"Lotidae","Enchelyopus","cimbrius",25,27,"species",230,"fb","TL","spe-FAO",3.10599994659424,0.00350000010803342
"Myctophidae","Ceratoscopelus","maderensis",25,27,"species",230,"fb","TL","fam-LME",2.98000001907349,0.00510000018402934
"Moridae","Halargyreus","johnsonii",25,27,"species",230,"fb","TL","fam-LME",3.38999998569489,0.00205000006826594
"Molidae","Mola","mola",24,27,"species",235,"fb","TL","spe-FAO",3.02499997615814,0.0516999997198582
"Myctophidae","Lampanyctus","crocodilus",25,27,"species",230,"fb","TL","spe-LME",2.98000001907349,0.00510000018402934
"Moridae","Mora","moro",25,27,"species",230,"fb","TL","spe-LME",3.36999988555908,0.00240000011399388
"Synaphobranchidae","Synaphobranchus","kaupii",25,27,"species",230,"fb","TL","spe-Ocean",3.17750000953674,0.000704999984009191
"Macrouridae","Coelorinchus","caelorhincus",24,27,"species",235,"fb","TL","spe-FAO",3.06449997425079,0.0648449987638742
"Gadidae","Melanogrammus","aeglefinus",25,27,"species",230,"fb","TL","spe-Ocean",3.11500000953674,0.00618000002577901
"Myctophidae","Myctophum","punctatum",25,27,"species",230,"fb","TL","spe-Ocean",3,0.00803690031170845
"Stomiidae","Stomias","boa boa",25,27,"species",230,"fb","TL","gen-Ocean",3.10599994659424,0.00126000004820526
"Macrouridae","Coelorinchus","caelorhincus",25,27,"species",230,"fb","TL","spe-LME",3.06449997425079,0.0648449987638742
"Trichiuridae","Lepidopus","caudatus",25,27,"species",230,"fb","TL","spe-LME",3.20000004768372,0.000296666674936811
"Myctophidae","Ceratoscopelus","maderensis",24,27,"species",235,"fb","TL","fam-FAO",2.98000001907349,0.00510000018402934
"Paralepididae","Macroparalepis","affinis",24,27,"species",235,"fb","TL","fam-Ocean",2.94599997997284,0.00265999999828637
"Sternoptychidae","Argyropelecus","hemigymnus",24,27,"species",235,"fb","TL","gen-Ocean",3,0.0169426177938779
"Stomiidae","Stomias","boa boa",24,27,"species",235,"fb","TL","gen-Ocean",3.10599994659424,0.00126000004820526
"Macrouridae","Trachyrincus","scabrus",24,27,"species",235,"fb","TL","spe-FAO",3.23200011253357,0.00129000004380941
"Myctophidae","Myctophum","",24,27,"genus",235,"fb","TL","gen-Ocean",2.53575003147125,0.0388667250517756
"Dalatiidae","Dalatias","licha",25,27,"species",230,"fb","TL","fam-Ocean",3.24000000953674,0.00181000004522502
"Trachichthyidae","Hoplostethus","mediterraneus mediterraneus",25,27,"species",230,"fb","TL","gen-LME",3.12633339564006,0.010489999782294
"Gadidae","Pollachius","pollachius",25,27,"species",230,"fb","TL","spe-FAO",3.10833334922791,0.00595333334058523
"Sparidae","Pagellus","acarne",25,27,"species",230,"fb","TL","spe-LME",3.09955554538303,0.0110944444313645
"Scorpaenidae","Scorpaena","notata",25,27,"species",230,"fb","TL","spe-LME",3.05950002670288,0.0178259999956936
"Sparidae","Spondyliosoma","cantharus",25,27,"species",230,"fb","TL","spe-LME",3.05971424920218,0.0124457141916667
"Gobiidae","Pomatoschistus","",25,27,"genus",230,"fb","TL","gen-LME",3.16500008106232,0.00738999992609024
"Rajidae","Raja","montagui",25,27,"species",230,"fb","TL","spe-FAO",3.27050006389618,0.00235500000417233
"Triglidae","Chelidonichthys","obscurus",25,27,"species",230,"fb","TL","spe-LME",3.23266669114431,0.00509499995193134
"Berycidae","Beryx","decadactylus",25,27,"species",230,"fb","TL","spe-Ocean",3,0.0139394626021385
"Myctophidae","Myctophum","",25,27,"genus",230,"fb","TL","gen-Ocean",2.53575003147125,0.0388667250517756
"Scombridae","Scomber","japonicus",24,27,"species",235,"fb","TL","spe-Ocean",3.2137143101011,0.00778714288441863
"Scombridae","Scomber","japonicus",25,27,"species",230,"fb","TL","spe-LME",3.35899996757507,0.00257666665129364
"Lotidae","Molva","dypterygia",24,27,"species",235,"fb","TL","spe-LME",3.1489999294281,0.00190999999176711
"Chlorophthalmidae","Chlorophthalmus","agassizi",25,27,"species",230,"fb","TL","spe-LME",3.09449994564056,0.00553000008221716
"Bothidae","Arnoglossus","imperialis",25,27,"species",230,"fb","TL","spe-LME",3.16799998283386,0.00523749989224598
"Scorpaenidae","Scorpaena","scrofa",25,27,"species",230,"fb","TL","spe-LME",3.12400007247925,0.0120999999344349
"Sciaenidae","Umbrina","canariensis",25,27,"species",230,"fb","TL","spe-LME",3.21000003814697,0.0082999998703599
"Scombridae","Scomber","colias",24,27,"species",235,"fb","TL","spe-FAO",3.13100004196167,0.00510000018402934
"Phosichthyidae","Polymetme","thaeocoryla",24,27,"species",235,"fb","TL","gen-FAO",3.1159999370575,0.00337000004947186
"Gobiidae","Buenia","jeffreysii",24,27,"species",235,"fb","TL","fam-LME",3,0.0110999997705221
"Clupeidae","Spratelloides","lewisi",24,27,"species",235,"fb","TL","fam-LME",3.03755882908316,0.00786608826327959
"Somniosidae","Scymnodon","ringens",24,27,"species",235,"fb","TL","fam-FAO",3.23775005340576,0.015087999869138
"Centrophoridae","Deania","profundorum",24,27,"species",235,"fb","TL","spe-Ocean",3.20499992370605,0.00161000003572553
"Paralepididae","Lestidiops","jayakari jayakari",24,27,"species",235,"fb","TL","gen-Ocean",2.92799997329712,0.00127999996766448
"Myctophidae","Benthosema","glaciale",24,27,"species",235,"fb","TL","fam-FAO",2.98000001907349,0.00510000018402934
"Macrouridae","Nezumia","aequalis",25,27,"species",230,"fb","TL","spe-Ocean",3,0.0037599999923259
"Etmopteridae","Etmopterus","princeps",25,27,"species",230,"fb","TL","gen-LME",3.09200000762939,0.00308499997481704
"Centrophoridae","Deania","profundorum",25,27,"species",230,"fb","TL","spe-Ocean",3.20499992370605,0.00161000003572553
"Macrouridae","Trachyrincus","scabrus",25,27,"species",230,"fb","TL","spe-LME",3.23200011253357,0.00129000004380941
"Paralepididae","Lestidiops","jayakari jayakari",25,27,"species",230,"fb","TL","gen-Ocean",2.92799997329712,0.00127999996766448
"Myctophidae","Benthosema","glaciale",25,27,"species",230,"fb","TL","fam-LME",2.98000001907349,0.00510000018402934
"Phosichthyidae","Polymetme","thaeocoryla",25,27,"species",230,"fb","TL","gen-LME",3.1159999370575,0.00337000004947186
"Bramidae","Brama","brama",25,27,"species",230,"fb","TL","spe-Ocean",3.60899996757507,0.00109999999403954
"Scombridae","Scomber","colias",25,27,"species",230,"fb","TL","spe-LME",3.13100004196167,0.00510000018402934
"Serranidae","Serranus","cabrilla",25,27,"species",230,"fb","TL","spe-LME",2.81968569755554,0.0253428565338254
"Triglidae","Chelidonichthys","lastoviza",25,27,"species",230,"fb","TL","gen-LME",3.05914289610726,0.0092692856643615
"Moronidae","Dicentrarchus","labrax",25,27,"species",230,"fb","TL","spe-LME",3.00950002670288,0.00959500018507242
"Soleidae","Microchirus","",24,27,"genus",235,"fb","TL","gen-LME",3.0789999961853,0.00889999978244305
"Dasyatidae","Dasyatis","tortonesei",24,27,"species",235,"fb","TL","gen-Ocean",2.90006997585297,0.019950026035076
"Labridae","Symphodus","melops",24,27,"species",235,"fb","TL","spe-LME",3.12333337465922,0.00832000002264977
"Mugilidae","Chelon","auratus",24,27,"species",235,"fb","TL","gen-FAO",3.07299995422363,0.00902333358923594
"Gobiesocidae","Lepadogaster","",24,27,"genus",235,"fb","TL","gen-Ocean",3,0.0230653770267963
"Argentinidae",NA,"",24,27,"family",235,"fb","TL","fam-LME",3.05299997329712,0.00529999984428287
"Ammodytidae",NA,"",24,27,"family",235,"fb","TL","fam-FAO",2.55999994277954,0.00980000011622906
"Macrouridae",NA,"",24,27,"family",235,"fb","TL","fam-FAO",3.05175000429153,0.104886247368995
"Syngnathidae",NA,"",24,27,"family",235,"fb","TL","fam-LME",3.17566665013631,0.000233333332289476
"Scorpaenidae",NA,"",24,27,"family",235,"fb","TL","fam-LME",3,0.0175999999046326
"Pholidae","Pholis","gunnellus",24,27,"species",235,"fb","TL","spe-LME",3.01799988746643,0.00430000014603138
"Blenniidae","Parablennius","gattorugine",24,27,"species",235,"fb","TL","spe-LME",3,0.0115000000223517
"Mullidae","Mullus","barbatus barbatus",24,27,"species",235,"fb","TL","spe-FAO",3.01774996519089,0.00870750010653865
"Lotidae","Gaidropsarus","",24,27,"genus",235,"fb","TL","gen-LME",2.95900011062622,0.0108000002801418
"Cyclopteridae","Cyclopterus","lumpus",24,27,"species",235,"fb","TL","spe-LME",2.93899989128113,0.0586999990046024
"Zoarcidae",NA,"",24,27,"family",235,"fb","TL","fam-FAO",3.26167494058609,0.00362999997560109
"Sparidae",NA,"",24,27,"family",235,"fb","TL","fam-LME",3.10726001262665,0.0210950003005564
"Gobiesocidae","Diplecogaster","bimaculata bimaculata",24,27,"species",235,"fb","TL","fam-Ocean",3.07266664505005,0.0111242294078693
"Pentanchidae","Galeus","murinus",24,27,"species",235,"fb","TL","gen-FAO",3.09416667620341,0.00204333331203088
"Rajidae","Amblyraja","radiata",24,27,"species",235,"fb","TL","spe-LME",2.19000005722046,0.157000005245209
"Cyprinidae","Abramis","",24,27,"genus",235,"fb","TL","gen-Ocean",3.16242856638772,0.00884499996235328
"Cottidae","Micrenophrys","lilljeborgii",24,27,"species",235,"fb","TL","fam-LME",3.06200003623962,0.0139999999664724
"Cottidae",NA,"",24,27,"family",235,"fb","TL","fam-LME",3.06200003623962,0.0139999999664724
"Syngnathidae","Nerophis","",24,27,"genus",235,"fb","TL","gen-LME",3,0.000419999996665865
"Pleuronectidae","Hippoglossus","hippoglossus",24,27,"species",235,"fb","TL","spe-FAO",3.1010000705719,0.020299999974668
"Petromyzontidae","Lampetra","fluviatilis",24,27,"species",235,"fb","TL","spe-FAO",3.07050001621246,0.00151299999561161
"Rajidae","Rostroraja","alba",24,27,"species",235,"fb","TL","spe-Ocean",3.02999997138977,0.00529000000096858
"Labridae",NA,"",24,27,"family",235,"fb","TL","fam-LME",3.12630002498627,0.0086329999845475
"Bramidae","Brama","brama",24,27,"species",235,"fb","TL","spe-LME",3.60899996757507,0.00109999999403954
"Myctophidae","Lampanyctus","",24,27,"genus",235,"fb","TL","gen-FAO",2.98000001907349,0.00510000018402934
"Notacanthidae",NA,"",24,27,"family",235,"fb","TL","fam-FAO",3.05999994277954,0.00120000005699694
"Somniosidae","Centroscymnus","coelolepis",24,27,"species",235,"fb","TL","spe-Ocean",3.25999999046326,0.011852999945404
"Lotidae","Brosme","brosme",24,27,"species",235,"fb","TL","spe-LME",3.18899989128113,0.00514000002294779
"Notacanthidae","Notacanthus","bonaparte",24,27,"species",235,"fb","TL","spe-FAO",3.05999994277954,0.00120000005699694
"Epigonidae","Epigonus","telescopus",24,27,"species",235,"fb","TL","spe-Ocean",3,0.013363491743803
"Callionymidae",NA,"",24,27,"family",235,"fb","TL","fam-LME",2.72300004959106,0.00846666687478622
"Percidae","Sander","lucioperca",24,27,"species",235,"fb","TL","spe-LME",3.15000001589457,0.00446999996590118
"Cottidae","Triglops","murrayi",24,27,"species",235,"fb","TL","spe-Ocean",3,0.00880332756787539
"Centrolophidae","Centrolophus","niger",24,27,"species",235,"fb","TL","spe-LME",3.34599995613098,0.00240000011399388
"Scophthalmidae","Zeugopterus","regius",24,27,"species",235,"fb","TL","gen-LME",3.14599990844727,0.0138999996706843
"Macrouridae","Nezumia","aequalis",24,27,"species",235,"fb","TL","spe-Ocean",3,0.0037599999923259
"Stomiidae","Chauliodus","sloani",24,27,"species",235,"fb","TL","spe-FAO",3.1800000667572,0.000899999984540045
"Trichiuridae","Aphanopus","carbo",24,27,"species",235,"fb","TL","spe-FAO",3.37099997202555,0.000243666669121012
"Centrophoridae","Centrophorus","squamosus",24,27,"species",235,"fb","TL","gen-Ocean",3.13012498617172,0.00477374995534774
"Macrouridae","Trachyrincus","murrayi",24,27,"species",235,"fb","TL","gen-FAO",3.23200011253357,0.00129000004380941
"Hexanchidae","Heptranchias","perlo",24,27,"species",235,"fb","TL","fam-Ocean",3,0.0100879201199859
"Mullidae",NA,"",24,27,"family",235,"fb","TL","fam-LME",3.24300003051758,0.00609666667878628
"Mullidae","Mullus","",24,27,"genus",235,"fb","TL","gen-LME",3.24300003051758,0.00609666667878628
"Sebastidae","Sebastes","",24,27,"genus",235,"fb","TL","gen-LME",3.13700008392334,0.0115000000223517
"Macrouridae","Coelorinchus","labiatus",24,27,"species",235,"fb","TL","gen-FAO",3.06449997425079,0.0648449987638742
"Balistidae","Balistes","",24,27,"genus",235,"fb","TL","gen-LME",3.08899998664856,0.0124000003561378
"Somniosidae","Centroscymnus","crepidater",24,27,"species",235,"fb","TL","gen-Ocean",3.20249998569489,0.0177565003250493
"Chimaeridae","Hydrolagus","mirabilis",24,27,"species",235,"fb","TL","gen-Ocean",3.14199995994568,0.00528249976923689
"Paralepididae","Magnisudis","atlantica",24,27,"species",235,"fb","TL","fam-Ocean",2.94599997997284,0.00265999999828637
"Gasterosteidae","Spinachia","spinachia",24,27,"species",235,"fb","TL","spe-LME",3,0.00209999992512167
"Chimaeridae","Chimaera","opalescens",24,27,"species",235,"fb","TL","gen-FAO",3.27049994468689,0.00387000006594462
"Stichaeidae","Lumpenus","lampretaeformis",24,27,"species",235,"fb","TL","spe-Ocean",2.08999991416931,0.0164000000804663
"Petromyzontidae",NA,"",24,27,"family",235,"fb","TL","fam-LME",3,0.00173000001814216
"Ammodytidae","Hyperoplus","",24,27,"genus",235,"fb","TL","gen-Ocean",3,0.00235768174752593
"Salmonidae","Salmo","",24,27,"genus",235,"fb","TL","gen-FAO",3.13247376680374,0.00727375003043562
"Arhynchobatidae","Bathyraja","brachyurops",24,27,"species",235,"fb","TL","gen-Ocean",3.106732006073,0.00464555999264121
"Salmonidae","Salmo","trutta trutta",24,27,"species",235,"fb","TL","gen-FAO",3.13247376680374,0.00727375003043562
"Clupeidae","Alosa","",25,27,"genus",230,"fb","TL","gen-LME",2.72019996643066,0.0433719988912344
"Serranidae","Serranus","hepatus",25,27,"species",230,"fb","TL","spe-LME",3.05924999713898,0.0165624999208376
"Carangidae","Trachurus","picturatus",25,27,"species",230,"fb","TL","spe-LME",3.07375001907349,0.00647749996278435
"Triglidae","Lepidotrigla","",25,27,"genus",230,"fb","TL","gen-LME",3.13799996376038,0.00823999987915158
"Centriscidae","Macroramphosus","",25,27,"genus",230,"fb","TL","gen-LME",2.88499999046326,0.012799999754255
"Citharidae","Citharus","linguatula",25,27,"species",230,"fb","TL","spe-LME",3.04839997291565,0.00712800011970103
"Engraulidae","Engraulis","",25,27,"genus",230,"fb","TL","gen-LME",3.19679413122289,0.00403264708310256
"Sparidae","Pagrus","pagrus",25,27,"species",230,"fb","TL","spe-LME",2.93133330345154,0.0211333331341545
"Ammodytidae","Hyperoplus","lanceolatus",25,27,"species",230,"fb","TL","gen-Ocean",3,0.00235768174752593
"Rajidae","Raja","brachyura",25,27,"species",230,"fb","TL","spe-FAO",3.18250000476837,0.00351499998942018
"Sparidae","Pagellus","erythrinus",25,27,"species",230,"fb","TL","spe-LME",2.94583336512248,0.0152500001713634
"Mugilidae","Chelon","auratus",25,27,"species",230,"fb","TL","gen-LME",3.07299995422363,0.00902333358923594
"Sparidae","Diplodus","vulgaris",25,27,"species",230,"fb","TL","spe-LME",3.07218000888824,0.0138199999462813
"Callionymidae","Synchiropus","phaeton",25,27,"species",230,"fb","TL","spe-LME",2.57200002670288,0.0130899995565414
"Clupeidae","Sprattus","sprattus",25,27,"species",230,"fb","TL","spe-FAO",3.11000001430511,0.00523500004783273
"Serranidae","Anthias","anthias",25,27,"species",230,"fb","TL","spe-LME",2.61100006103516,0.0241999998688698
"Bothidae","Arnoglossus","thori",25,27,"species",230,"fb","TL","spe-LME",3.085666735967,0.0126000000163913
"Centracanthidae","Spicara","maena",25,27,"species",230,"fb","TL","spe-LME",3.03833333651225,0.0105733335949481
"Sparidae","Pagellus","bogaraveo",25,27,"species",230,"fb","TL","spe-LME",2.94599997997284,0.0173949995078146
"Molidae","Mola","mola",25,27,"species",230,"fb","TL","spe-FAO",3.02499997615814,0.0516999997198582
"Scorpaenidae","Scorpaena","",25,27,"genus",230,"fb","TL","gen-LME",3.09837145464761,0.0162542857828417
"Bothidae","Arnoglossus","rueppelii",25,27,"species",230,"fb","TL","spe-LME",3.00999999046326,0.00510000018402934
"Rajidae","Raja","miraletus",25,27,"species",230,"fb","TL","spe-LME",3.14299996693929,0.00296333331304292
"Atherinidae","Atherina","presbyter",25,27,"species",230,"fb","TL","spe-LME",3.04999995231628,0.0063999998383224
"Sparidae","Sarpa","salpa",25,27,"species",230,"fb","TL","spe-LME",2.99750000238419,0.0173649997450411
"Rajidae","Raja","undulata",25,27,"species",230,"fb","TL","spe-LME",3.03999996185303,0.00619500013999641
"Carangidae","Trachurus","mediterraneus",25,27,"species",230,"fb","TL","spe-LME",2.68350005149841,0.0213999995030463
"Mullidae","Mullus","barbatus barbatus",25,27,"species",230,"fb","TL","spe-LME",3.01774996519089,0.00870750010653865
"Sparidae","Diplodus","bellottii",25,27,"species",230,"fb","TL","spe-LME",3.23300004005432,0.00917600011453032
"Sparidae","Pagrus","auriga",25,27,"species",230,"fb","TL","spe-Ocean",3,0.0190519746392965
"Tetraodontidae","Sphoeroides","pachygaster",25,27,"species",230,"fb","TL","spe-LME",3.01600003242493,0.0172000005841255
"Cynoglossidae","Symphurus","nigrescens",25,27,"species",230,"fb","TL","spe-LME",2.98300004005432,0.00769999995827675
"Scophthalmidae","Scophthalmus","maximus",25,27,"species",230,"fb","TL","spe-FAO",3.01262503862381,0.0171900000423193
"Sparidae","Diplodus","annularis",25,27,"species",230,"fb","TL","spe-LME",3.17654001712799,0.0113079999573529
"Phycidae","Phycis","phycis",25,27,"species",230,"fb","TL","spe-LME",3.15899991989136,0.00669499998912215
"Trachinidae","Echiichthys","vipera",25,27,"species",230,"fb","TL","spe-LME",3.04999995231628,0.010499999858439
"Triglidae","Lepidotrigla","dieuzeidei",25,27,"species",230,"fb","TL","spe-LME",3.12349998950958,0.0082999998703599
"Triglidae","Lepidotrigla","cavillone",25,27,"species",230,"fb","TL","spe-LME",3.1476666132609,0.00819999988501271
"Sparidae","Sparus","aurata",25,27,"species",230,"fb","TL","spe-LME",3.03799998760223,0.0148599999956787
"Pentanchidae","Galeus","atlanticus",25,27,"species",230,"fb","TL","spe-LME",3.0699999332428,0.00230000005103648
"Uranoscopidae","Uranoscopus","scaber",25,27,"species",230,"fb","TL","spe-LME",2.8289999961853,0.0305000003427267
"Scophthalmidae","Scophthalmus","rhombus",25,27,"species",230,"fb","TL","spe-LME",2.98000001907349,0.0136000001803041
"Sparidae","Pagellus","bellottii",25,27,"species",230,"fb","TL","spe-LME",3.00450003147125,0.0137999998405576
"Sebastidae","Sebastes","viviparus",24,27,"species",235,"fb","TL","spe-LME",3.13700008392334,0.0115000000223517
"Anarhichadidae","Anarhichas","lupus",24,27,"species",235,"fb","TL","spe-LME",3.15966669718424,0.00510000018402934
"Centrolophidae","Schedophilus","medusophagus",24,27,"species",235,"fb","TL","spe-Ocean",3,0.0123215625062585
"Phycidae",NA,"",24,27,"family",235,"fb","TL","fam-LME",3.38899993896484,0.00219999998807907
"Trachipteridae","Trachipterus","arcticus",24,27,"species",235,"fb","TL","spe-FAO",3,0.00182999996468425
"Rajidae","Dipturus","nidarosiensis",24,27,"species",235,"fb","TL","gen-FAO",3.53900003433228,0.00047999998787418
"Zoarcidae","Zoarces","viviparus",24,27,"species",235,"fb","TL","fam-FAO",3.26167494058609,0.00362999997560109
"Gasterosteidae","Gasterosteus","aculeatus aculeatus",24,27,"species",235,"fb","TL","gen-FAO",3.04900002479553,0.010499999858439
"Gobiidae","Crystallogobius","linearis",24,27,"species",235,"fb","TL","fam-LME",3,0.0110999997705221
"Anguillidae","Anguilla","",24,27,"genus",235,"fb","TL","gen-LME",3.20050001144409,0.00098283332772553
"Anguillidae","Anguilla","",22,27,"genus",139,"fb","TL","gen-LME",3.18042860712324,0.00101942855898025
"Triglidae",NA,"",24,27,"family",235,"fb","TL","fam-LME",3.15299998630177,0.00592181823131713
"Zeidae","Zenopsis","conchifer",24,27,"species",235,"fb","TL","spe-FAO",3.06150007247925,0.0186149996006861
"Stomiidae","Stomias","boa ferox",24,27,"species",235,"fb","TL","gen-Ocean",3.10599994659424,0.00126000004820526
"Phycidae",NA,"",22,27,"family",139,"fb","TL","fam-LME",3.38899993896484,0.00219999998807907
"Parazenidae","Cyttopsis","rosea",24,27,"species",235,NA,NA,NA,3,0.01698
"Parazenidae","Cyttopsis","rosea",25,27,"species",230,NA,NA,NA,3,0.01698
"Callanthiidae","Callanthias","ruber",25,27,"species",230,NA,NA,NA,3.08,0.00977
"Chaunacidae","Chaunax","pictus",25,27,"species",230,NA,NA,NA,3,0.01995
